Año,Trimestre,Tasa.paro,Sexo,Prov.id,Provincia
2011,I,10.792349726776,Mujeres,01,Araba/Álava
2011,II,9.34844192634561,Mujeres,01,Araba/Álava
2011,III,10.9530583214794,Mujeres,01,Araba/Álava
2011,IV,12.9166666666667,Mujeres,01,Araba/Álava
2012,I,16.2589928057554,Mujeres,01,Araba/Álava
2012,II,14.7426981919332,Mujeres,01,Araba/Álava
2012,III,15.7608695652174,Mujeres,01,Araba/Álava
2012,IV,18.75,Mujeres,01,Araba/Álava
2013,I,18.0836707152497,Mujeres,01,Araba/Álava
2013,II,16.1073825503356,Mujeres,01,Araba/Álava
2013,III,16.914749661705,Mujeres,01,Araba/Álava
2013,IV,17.6781002638522,Mujeres,01,Araba/Álava
2014,I,20,Mujeres,01,Araba/Álava
2014,II,16.9712793733682,Mujeres,01,Araba/Álava
2014,III,19.2982456140351,Mujeres,01,Araba/Álava
2014,IV,18.4516129032258,Mujeres,01,Araba/Álava
2011,I,26.6044340723454,Mujeres,02,Albacete
2011,II,27.7840269966254,Mujeres,02,Albacete
2011,III,27.3340832395951,Mujeres,02,Albacete
2011,IV,26.9144144144144,Mujeres,02,Albacete
2012,I,33.1073446327684,Mujeres,02,Albacete
2012,II,37.8571428571429,Mujeres,02,Albacete
2012,III,36.3522012578616,Mujeres,02,Albacete
2012,IV,41.1622276029056,Mujeres,02,Albacete
2013,I,37.0720188902007,Mujeres,02,Albacete
2013,II,33.2941176470588,Mujeres,02,Albacete
2013,III,34.4827586206897,Mujeres,02,Albacete
2013,IV,33.8842975206612,Mujeres,02,Albacete
2014,I,27.3153575615475,Mujeres,02,Albacete
2014,II,25.5924170616114,Mujeres,02,Albacete
2014,III,27.8313253012048,Mujeres,02,Albacete
2014,IV,31.497005988024,Mujeres,02,Albacete
2011,I,22.4186523187292,Mujeres,03,Alicante/Alacant
2011,II,22.0317620368036,Mujeres,03,Alicante/Alacant
2011,III,25.2873563218391,Mujeres,03,Alicante/Alacant
2011,IV,25.7617728531856,Mujeres,03,Alicante/Alacant
2012,I,29.7119757453259,Mujeres,03,Alicante/Alacant
2012,II,27.5730622617535,Mujeres,03,Alicante/Alacant
2012,III,28.8968518044535,Mujeres,03,Alicante/Alacant
2012,IV,30.4324754576811,Mujeres,03,Alicante/Alacant
2013,I,32.7695026508458,Mujeres,03,Alicante/Alacant
2013,II,31.4810158410863,Mujeres,03,Alicante/Alacant
2013,III,29.6360485268631,Mujeres,03,Alicante/Alacant
2013,IV,33.3170493404983,Mujeres,03,Alicante/Alacant
2014,I,31.270116365437,Mujeres,03,Alicante/Alacant
2014,II,27.3780187284377,Mujeres,03,Alicante/Alacant
2014,III,25.9462151394422,Mujeres,03,Alicante/Alacant
2014,IV,26.1349385502884,Mujeres,03,Alicante/Alacant
2011,I,32.6850690087829,Mujeres,04,Almería
2011,II,38.4313725490196,Mujeres,04,Almería
2011,III,37.2990353697749,Mujeres,04,Almería
2011,IV,32.3289391086001,Mujeres,04,Almería
2012,I,32.8692493946731,Mujeres,04,Almería
2012,II,34.6547314578005,Mujeres,04,Almería
2012,III,37.1518987341772,Mujeres,04,Almería
2012,IV,36.7704280155642,Mujeres,04,Almería
2013,I,35.4858934169279,Mujeres,04,Almería
2013,II,34.8436502871729,Mujeres,04,Almería
2013,III,41.1440385940731,Mujeres,04,Almería
2013,IV,38.1948986265533,Mujeres,04,Almería
2014,I,34.1100323624596,Mujeres,04,Almería
2014,II,41.1067193675889,Mujeres,04,Almería
2014,III,41.4814814814815,Mujeres,04,Almería
2014,IV,38.5750962772786,Mujeres,04,Almería
2011,I,28.4789644012945,Mujeres,05,Ávila
2011,II,23.5668789808917,Mujeres,05,Ávila
2011,III,24.7648902821317,Mujeres,05,Ávila
2011,IV,24.5283018867925,Mujeres,05,Ávila
2012,I,26.984126984127,Mujeres,05,Ávila
2012,II,27.9503105590062,Mujeres,05,Ávila
2012,III,26.219512195122,Mujeres,05,Ávila
2012,IV,25.0793650793651,Mujeres,05,Ávila
2013,I,30.7926829268293,Mujeres,05,Ávila
2013,II,29.073482428115,Mujeres,05,Ávila
2013,III,27.6595744680851,Mujeres,05,Ávila
2013,IV,28.3536585365854,Mujeres,05,Ávila
2014,I,34.0557275541796,Mujeres,05,Ávila
2014,II,31.0344827586207,Mujeres,05,Ávila
2014,III,26.9230769230769,Mujeres,05,Ávila
2014,IV,27.6190476190476,Mujeres,05,Ávila
2011,I,31.057268722467,Mujeres,06,Badajoz
2011,II,29.4545454545455,Mujeres,06,Badajoz
2011,III,28.9156626506024,Mujeres,06,Badajoz
2011,IV,35.9030837004405,Mujeres,06,Badajoz
2012,I,35.5195283714075,Mujeres,06,Badajoz
2012,II,39.6268656716418,Mujeres,06,Badajoz
2012,III,37.0264474624732,Mujeres,06,Badajoz
2012,IV,39.8224043715847,Mujeres,06,Badajoz
2013,I,36.8384879725086,Mujeres,06,Badajoz
2013,II,36.8275862068966,Mujeres,06,Badajoz
2013,III,36.1285814116003,Mujeres,06,Badajoz
2013,IV,37.6577840112202,Mujeres,06,Badajoz
2014,I,37.3913043478261,Mujeres,06,Badajoz
2014,II,35.5620867009552,Mujeres,06,Badajoz
2014,III,34.6637102734664,Mujeres,06,Badajoz
2014,IV,34.9344978165939,Mujeres,06,Badajoz
2011,I,26.4201296225696,Mujeres,07,"Balears, Illes"
2011,II,18.5457216305545,Mujeres,07,"Balears, Illes"
2011,III,15.6195156195156,Mujeres,07,"Balears, Illes"
2011,IV,25.1326762699014,Mujeres,07,"Balears, Illes"
2012,I,29.0025763709974,Mujeres,07,"Balears, Illes"
2012,II,23.2204561161023,Mujeres,07,"Balears, Illes"
2012,III,20.1016949152542,Mujeres,07,"Balears, Illes"
2012,IV,24.3351548269581,Mujeres,07,"Balears, Illes"
2013,I,29.1911764705882,Mujeres,07,"Balears, Illes"
2013,II,21.8782249742002,Mujeres,07,"Balears, Illes"
2013,III,16.2927166033828,Mujeres,07,"Balears, Illes"
2013,IV,20.7132018209408,Mujeres,07,"Balears, Illes"
2014,I,25.1729438893159,Mujeres,07,"Balears, Illes"
2014,II,17.2740014015417,Mujeres,07,"Balears, Illes"
2014,III,14.0705237932215,Mujeres,07,"Balears, Illes"
2014,IV,17.6623376623377,Mujeres,07,"Balears, Illes"
2011,I,17.9764390098419,Mujeres,08,Barcelona
2011,II,16.9734904270987,Mujeres,08,Barcelona
2011,III,18.1063000808645,Mujeres,08,Barcelona
2011,IV,19.4641275465013,Mujeres,08,Barcelona
2012,I,21.121919110656,Mujeres,08,Barcelona
2012,II,20.0566234540307,Mujeres,08,Barcelona
2012,III,22.3543489641762,Mujeres,08,Barcelona
2012,IV,22.9510624120826,Mujeres,08,Barcelona
2013,I,23.3884174482656,Mujeres,08,Barcelona
2013,II,23.335843373494,Mujeres,08,Barcelona
2013,III,22.2644886999329,Mujeres,08,Barcelona
2013,IV,20.9624553039333,Mujeres,08,Barcelona
2014,I,20.2033697023677,Mujeres,08,Barcelona
2014,II,19.617046639845,Mujeres,08,Barcelona
2014,III,19.4741600120536,Mujeres,08,Barcelona
2014,IV,19.0529875986471,Mujeres,08,Barcelona
2011,I,18.8423645320197,Mujeres,09,Burgos
2011,II,14.8427672955975,Mujeres,09,Burgos
2011,III,12.5490196078431,Mujeres,09,Burgos
2011,IV,16.6666666666667,Mujeres,09,Burgos
2012,I,20.6806282722513,Mujeres,09,Burgos
2012,II,23.7611181702668,Mujeres,09,Burgos
2012,III,20.3346203346203,Mujeres,09,Burgos
2012,IV,21.0182767624021,Mujeres,09,Burgos
2013,I,24.4274809160305,Mujeres,09,Burgos
2013,II,25.9020618556701,Mujeres,09,Burgos
2013,III,22.5316455696203,Mujeres,09,Burgos
2013,IV,21.8670076726343,Mujeres,09,Burgos
2014,I,22.9567307692308,Mujeres,09,Burgos
2014,II,19.0886699507389,Mujeres,09,Burgos
2014,III,19.4029850746269,Mujeres,09,Burgos
2014,IV,19.7253433208489,Mujeres,09,Burgos
2011,I,22.8723404255319,Mujeres,10,Cáceres
2011,II,19.562243502052,Mujeres,10,Cáceres
2011,III,19.9460916442049,Mujeres,10,Cáceres
2011,IV,24.025974025974,Mujeres,10,Cáceres
2012,I,32.1148825065274,Mujeres,10,Cáceres
2012,II,31.8652849740933,Mujeres,10,Cáceres
2012,III,34.0269277845777,Mujeres,10,Cáceres
2012,IV,31.8987341772152,Mujeres,10,Cáceres
2013,I,35.7055214723926,Mujeres,10,Cáceres
2013,II,34.803337306317,Mujeres,10,Cáceres
2013,III,33.4098737083812,Mujeres,10,Cáceres
2013,IV,33.1724969843185,Mujeres,10,Cáceres
2014,I,29.2623941958888,Mujeres,10,Cáceres
2014,II,27.1393643031785,Mujeres,10,Cáceres
2014,III,28.7558685446009,Mujeres,10,Cáceres
2014,IV,31.0096153846154,Mujeres,10,Cáceres
2011,I,35.0430857611818,Mujeres,11,Cádiz
2011,II,33.0505050505051,Mujeres,11,Cádiz
2011,III,33.0508474576271,Mujeres,11,Cádiz
2011,IV,37.4094931617056,Mujeres,11,Cádiz
2012,I,39.7000789265983,Mujeres,11,Cádiz
2012,II,35.0624024960999,Mujeres,11,Cádiz
2012,III,36.0135900339751,Mujeres,11,Cádiz
2012,IV,44.6620583717358,Mujeres,11,Cádiz
2013,I,44.488188976378,Mujeres,11,Cádiz
2013,II,42.9400386847195,Mujeres,11,Cádiz
2013,III,40.7755581668625,Mujeres,11,Cádiz
2013,IV,44.9824287387739,Mujeres,11,Cádiz
2014,I,46.121513183034,Mujeres,11,Cádiz
2014,II,45.4785229841748,Mujeres,11,Cádiz
2014,III,42.4606151537884,Mujeres,11,Cádiz
2014,IV,45.2231793265466,Mujeres,11,Cádiz
2011,I,26.2395118230359,Mujeres,12,Castellón/Castelló
2011,II,26.2914417887433,Mujeres,12,Castellón/Castelló
2011,III,25.989138867339,Mujeres,12,Castellón/Castelló
2011,IV,24.7889485801995,Mujeres,12,Castellón/Castelló
2012,I,25.2738654147105,Mujeres,12,Castellón/Castelló
2012,II,25.253312548714,Mujeres,12,Castellón/Castelló
2012,III,27.3010920436818,Mujeres,12,Castellón/Castelló
2012,IV,28.3434650455927,Mujeres,12,Castellón/Castelló
2013,I,31.6030534351145,Mujeres,12,Castellón/Castelló
2013,II,32.4901185770751,Mujeres,12,Castellón/Castelló
2013,III,30.3585049580473,Mujeres,12,Castellón/Castelló
2013,IV,27.4119448698315,Mujeres,12,Castellón/Castelló
2014,I,29.9772899318698,Mujeres,12,Castellón/Castelló
2014,II,29.7527047913447,Mujeres,12,Castellón/Castelló
2014,III,30.078125,Mujeres,12,Castellón/Castelló
2014,IV,25.7099002302379,Mujeres,12,Castellón/Castelló
2011,I,28.5714285714286,Mujeres,13,Ciudad Real
2011,II,28.2,Mujeres,13,Ciudad Real
2011,III,27.6073619631902,Mujeres,13,Ciudad Real
2011,IV,30.8666017526777,Mujeres,13,Ciudad Real
2012,I,34.7740667976424,Mujeres,13,Ciudad Real
2012,II,36.9094488188976,Mujeres,13,Ciudad Real
2012,III,33.3333333333333,Mujeres,13,Ciudad Real
2012,IV,35.5983772819473,Mujeres,13,Ciudad Real
2013,I,38.7128712871287,Mujeres,13,Ciudad Real
2013,II,38.3043922369765,Mujeres,13,Ciudad Real
2013,III,34.6456692913386,Mujeres,13,Ciudad Real
2013,IV,36.2658846529814,Mujeres,13,Ciudad Real
2014,I,39.4610202117421,Mujeres,13,Ciudad Real
2014,II,39.083820662768,Mujeres,13,Ciudad Real
2014,III,37.5,Mujeres,13,Ciudad Real
2014,IV,38.0859375,Mujeres,13,Ciudad Real
2011,I,31.2865497076023,Mujeres,14,Córdoba
2011,II,35.0664355863663,Mujeres,14,Córdoba
2011,III,35.9234907352062,Mujeres,14,Córdoba
2011,IV,34.7254004576659,Mujeres,14,Córdoba
2012,I,37.2537985368599,Mujeres,14,Córdoba
2012,II,35.6253704801423,Mujeres,14,Córdoba
2012,III,41.8808411214953,Mujeres,14,Córdoba
2012,IV,40.4886561954625,Mujeres,14,Córdoba
2013,I,37.1260997067449,Mujeres,14,Córdoba
2013,II,37.4634716540035,Mujeres,14,Córdoba
2013,III,40.7942238267148,Mujeres,14,Córdoba
2013,IV,41.4930555555556,Mujeres,14,Córdoba
2014,I,33.8892197736748,Mujeres,14,Córdoba
2014,II,36.5883807169345,Mujeres,14,Córdoba
2014,III,38.6392009987516,Mujeres,14,Córdoba
2014,IV,39.122703023118,Mujeres,14,Córdoba
2011,I,16.4425662696888,Mujeres,15,"Coruña, A"
2011,II,17.5452096960369,Mujeres,15,"Coruña, A"
2011,III,16.769468003084,Mujeres,15,"Coruña, A"
2011,IV,16.296575084682,Mujeres,15,"Coruña, A"
2012,I,16.8903803131991,Mujeres,15,"Coruña, A"
2012,II,17.3312883435583,Mujeres,15,"Coruña, A"
2012,III,17.463933181473,Mujeres,15,"Coruña, A"
2012,IV,19.9321778447626,Mujeres,15,"Coruña, A"
2013,I,20.4238921001927,Mujeres,15,"Coruña, A"
2013,II,20.3448275862069,Mujeres,15,"Coruña, A"
2013,III,19.5694716242661,Mujeres,15,"Coruña, A"
2013,IV,18.6118650639783,Mujeres,15,"Coruña, A"
2014,I,20.4809930178433,Mujeres,15,"Coruña, A"
2014,II,20.3924586379377,Mujeres,15,"Coruña, A"
2014,III,18.6236391912908,Mujeres,15,"Coruña, A"
2014,IV,17.9881656804734,Mujeres,15,"Coruña, A"
2011,I,19.9453551912568,Mujeres,16,Cuenca
2011,II,18.5483870967742,Mujeres,16,Cuenca
2011,III,21.957671957672,Mujeres,16,Cuenca
2011,IV,18.9473684210526,Mujeres,16,Cuenca
2012,I,27.0408163265306,Mujeres,16,Cuenca
2012,II,24.9343832020997,Mujeres,16,Cuenca
2012,III,27.012987012987,Mujeres,16,Cuenca
2012,IV,28.9189189189189,Mujeres,16,Cuenca
2013,I,32.1525885558583,Mujeres,16,Cuenca
2013,II,30.2872062663185,Mujeres,16,Cuenca
2013,III,35.3233830845771,Mujeres,16,Cuenca
2013,IV,26.75,Mujeres,16,Cuenca
2014,I,29.925187032419,Mujeres,16,Cuenca
2014,II,29.6482412060302,Mujeres,16,Cuenca
2014,III,32.4324324324324,Mujeres,16,Cuenca
2014,IV,30.5039787798409,Mujeres,16,Cuenca
2011,I,21.3757816941444,Mujeres,17,Girona
2011,II,21.8970189701897,Mujeres,17,Girona
2011,III,20.5100956429331,Mujeres,17,Girona
2011,IV,22.7014755959137,Mujeres,17,Girona
2012,I,24.7359644246804,Mujeres,17,Girona
2012,II,25.148407987048,Mujeres,17,Girona
2012,III,19.8030634573304,Mujeres,17,Girona
2012,IV,21.4523281596452,Mujeres,17,Girona
2013,I,21.5497737556561,Mujeres,17,Girona
2013,II,20.7177814029364,Mujeres,17,Girona
2013,III,18.8729399255715,Mujeres,17,Girona
2013,IV,21.6022099447514,Mujeres,17,Girona
2014,I,23.5261401557286,Mujeres,17,Girona
2014,II,21.8612334801762,Mujeres,17,Girona
2014,III,19.90022172949,Mujeres,17,Girona
2014,IV,22.2222222222222,Mujeres,17,Girona
2011,I,28.4806776071996,Mujeres,18,Granada
2011,II,30.4949441192123,Mujeres,18,Granada
2011,III,32.0485744456177,Mujeres,18,Granada
2011,IV,31.5989159891599,Mujeres,18,Granada
2012,I,34.7103004291846,Mujeres,18,Granada
2012,II,37.75,Mujeres,18,Granada
2012,III,36.1923648983639,Mujeres,18,Granada
2012,IV,37.6705653021443,Mujeres,18,Granada
2013,I,37.720156555773,Mujeres,18,Granada
2013,II,36.9950738916256,Mujeres,18,Granada
2013,III,39.2411143131604,Mujeres,18,Granada
2013,IV,39.2555831265509,Mujeres,18,Granada
2014,I,39.1898734177215,Mujeres,18,Granada
2014,II,38.8665997993982,Mujeres,18,Granada
2014,III,39.3774703557312,Mujeres,18,Granada
2014,IV,38.3773021403683,Mujeres,18,Granada
2011,I,18.4534270650264,Mujeres,19,Guadalajara
2011,II,23.943661971831,Mujeres,19,Guadalajara
2011,III,17.2727272727273,Mujeres,19,Guadalajara
2011,IV,23.2876712328767,Mujeres,19,Guadalajara
2012,I,18.5185185185185,Mujeres,19,Guadalajara
2012,II,23.2597623089983,Mujeres,19,Guadalajara
2012,III,23.9583333333333,Mujeres,19,Guadalajara
2012,IV,29.0791599353797,Mujeres,19,Guadalajara
2013,I,28.5251215559157,Mujeres,19,Guadalajara
2013,II,24.1830065359477,Mujeres,19,Guadalajara
2013,III,19.6836555360281,Mujeres,19,Guadalajara
2013,IV,23.6842105263158,Mujeres,19,Guadalajara
2014,I,23.1028667790894,Mujeres,19,Guadalajara
2014,II,27.6143790849673,Mujeres,19,Guadalajara
2014,III,23.4113712374582,Mujeres,19,Guadalajara
2014,IV,24.6688741721854,Mujeres,19,Guadalajara
2011,I,10.2342786683107,Mujeres,20,Gipuzkoa
2011,II,12.484700122399,Mujeres,20,Gipuzkoa
2011,III,14.6625766871166,Mujeres,20,Gipuzkoa
2011,IV,12.7061698228467,Mujeres,20,Gipuzkoa
2012,I,13.0597014925373,Mujeres,20,Gipuzkoa
2012,II,14.7258163894023,Mujeres,20,Gipuzkoa
2012,III,13.9855548260013,Mujeres,20,Gipuzkoa
2012,IV,14.4005358338915,Mujeres,20,Gipuzkoa
2013,I,14.6074646074646,Mujeres,20,Gipuzkoa
2013,II,14.6718146718147,Mujeres,20,Gipuzkoa
2013,III,14.9664429530201,Mujeres,20,Gipuzkoa
2013,IV,15.1750972762646,Mujeres,20,Gipuzkoa
2014,I,14.4554455445545,Mujeres,20,Gipuzkoa
2014,II,14.8463047743623,Mujeres,20,Gipuzkoa
2014,III,13.4397870924817,Mujeres,20,Gipuzkoa
2014,IV,14.0694006309148,Mujeres,20,Gipuzkoa
2011,I,35.5887521968366,Mujeres,21,Huelva
2011,II,24.777183600713,Mujeres,21,Huelva
2011,III,31.6620241411328,Mujeres,21,Huelva
2011,IV,37.5,Mujeres,21,Huelva
2012,I,31.1461067366579,Mujeres,21,Huelva
2012,II,29.7661870503597,Mujeres,21,Huelva
2012,III,35.1072961373391,Mujeres,21,Huelva
2012,IV,38.5407725321888,Mujeres,21,Huelva
2013,I,43.1978798586573,Mujeres,21,Huelva
2013,II,36.1111111111111,Mujeres,21,Huelva
2013,III,38.2841328413284,Mujeres,21,Huelva
2013,IV,33.0404217926186,Mujeres,21,Huelva
2014,I,30.3571428571429,Mujeres,21,Huelva
2014,II,29.1161178509532,Mujeres,21,Huelva
2014,III,42.3357664233577,Mujeres,21,Huelva
2014,IV,41.2698412698413,Mujeres,21,Huelva
2011,I,16.8803418803419,Mujeres,22,Huesca
2011,II,15.9420289855072,Mujeres,22,Huesca
2011,III,13.1799163179916,Mujeres,22,Huesca
2011,IV,15.4811715481172,Mujeres,22,Huesca
2012,I,15.9183673469388,Mujeres,22,Huesca
2012,II,15.866388308977,Mujeres,22,Huesca
2012,III,14.4050104384134,Mujeres,22,Huesca
2012,IV,16.4904862579281,Mujeres,22,Huesca
2013,I,17.4468085106383,Mujeres,22,Huesca
2013,II,22.2698072805139,Mujeres,22,Huesca
2013,III,13.3786848072562,Mujeres,22,Huesca
2013,IV,20.1754385964912,Mujeres,22,Huesca
2014,I,21.8142548596112,Mujeres,22,Huesca
2014,II,18.9189189189189,Mujeres,22,Huesca
2014,III,15.0684931506849,Mujeres,22,Huesca
2014,IV,18.5654008438819,Mujeres,22,Huesca
2011,I,29.0247678018576,Mujeres,23,Jaén
2011,II,36.039768019884,Mujeres,23,Jaén
2011,III,37.8267973856209,Mujeres,23,Jaén
2011,IV,35.5958958168903,Mujeres,23,Jaén
2012,I,36.9169960474308,Mujeres,23,Jaén
2012,II,38.7044534412956,Mujeres,23,Jaén
2012,III,41.6012558869702,Mujeres,23,Jaén
2012,IV,40.1805869074492,Mujeres,23,Jaén
2013,I,43.0293896006029,Mujeres,23,Jaén
2013,II,41.8429003021148,Mujeres,23,Jaén
2013,III,45.0807635829662,Mujeres,23,Jaén
2013,IV,43.1213017751479,Mujeres,23,Jaén
2014,I,34.2791411042945,Mujeres,23,Jaén
2014,II,41.0785091197462,Mujeres,23,Jaén
2014,III,41.5810276679842,Mujeres,23,Jaén
2014,IV,40.5015197568389,Mujeres,23,Jaén
2011,I,18.6234817813765,Mujeres,24,León
2011,II,18.0376610505451,Mujeres,24,León
2011,III,16.4621676891616,Mujeres,24,León
2011,IV,18.2095625635809,Mujeres,24,León
2012,I,20.9157127991675,Mujeres,24,León
2012,II,20.997920997921,Mujeres,24,León
2012,III,23.0452674897119,Mujeres,24,León
2012,IV,25.7345491388045,Mujeres,24,León
2013,I,25.8349705304519,Mujeres,24,León
2013,II,26.0617760617761,Mujeres,24,León
2013,III,23.6526946107784,Mujeres,24,León
2013,IV,23.2606438213915,Mujeres,24,León
2014,I,27.3279352226721,Mujeres,24,León
2014,II,26.4646464646465,Mujeres,24,León
2014,III,24.4126659856997,Mujeres,24,León
2014,IV,23.8046795523906,Mujeres,24,León
2011,I,12.5391849529781,Mujeres,25,Lleida
2011,II,10.6490872210953,Mujeres,25,Lleida
2011,III,12.7234490010515,Mujeres,25,Lleida
2011,IV,20.2453987730061,Mujeres,25,Lleida
2012,I,17.223382045929,Mujeres,25,Lleida
2012,II,17.9563492063492,Mujeres,25,Lleida
2012,III,13.8686131386861,Mujeres,25,Lleida
2012,IV,17.6350662589195,Mujeres,25,Lleida
2013,I,17.6352705410822,Mujeres,25,Lleida
2013,II,18.1634712411705,Mujeres,25,Lleida
2013,III,14.1858141858142,Mujeres,25,Lleida
2013,IV,16.78391959799,Mujeres,25,Lleida
2014,I,16.5226781857451,Mujeres,25,Lleida
2014,II,17.5564681724846,Mujeres,25,Lleida
2014,III,15.0943396226415,Mujeres,25,Lleida
2014,IV,17.2448979591837,Mujeres,25,Lleida
2011,I,16.361071932299,Mujeres,26,"Rioja, La"
2011,II,16.5487977369166,Mujeres,26,"Rioja, La"
2011,III,18.6738836265223,Mujeres,26,"Rioja, La"
2011,IV,19.9445983379501,Mujeres,26,"Rioja, La"
2012,I,22.7336122733612,Mujeres,26,"Rioja, La"
2012,II,25.0700280112045,Mujeres,26,"Rioja, La"
2012,III,22.6760563380282,Mujeres,26,"Rioja, La"
2012,IV,19.1977077363897,Mujeres,26,"Rioja, La"
2013,I,20.1716738197425,Mujeres,26,"Rioja, La"
2013,II,20.8333333333333,Mujeres,26,"Rioja, La"
2013,III,20.1936376210235,Mujeres,26,"Rioja, La"
2013,IV,22.8767123287671,Mujeres,26,"Rioja, La"
2014,I,22.7972027972028,Mujeres,26,"Rioja, La"
2014,II,20.3883495145631,Mujeres,26,"Rioja, La"
2014,III,20.2445652173913,Mujeres,26,"Rioja, La"
2014,IV,21.3980028530671,Mujeres,26,"Rioja, La"
2011,I,13.7700534759358,Mujeres,27,Lugo
2011,II,11.0661268556005,Mujeres,27,Lugo
2011,III,12.1010638297872,Mujeres,27,Lugo
2011,IV,12.8947368421053,Mujeres,27,Lugo
2012,I,15.4777927321669,Mujeres,27,Lugo
2012,II,14.3426294820717,Mujeres,27,Lugo
2012,III,14.0350877192982,Mujeres,27,Lugo
2012,IV,14.2276422764228,Mujeres,27,Lugo
2013,I,18.0592991913747,Mujeres,27,Lugo
2013,II,19.5187165775401,Mujeres,27,Lugo
2013,III,16.3101604278075,Mujeres,27,Lugo
2013,IV,19.6,Mujeres,27,Lugo
2014,I,21.6251638269987,Mujeres,27,Lugo
2014,II,21.3709677419355,Mujeres,27,Lugo
2014,III,18.9750692520776,Mujeres,27,Lugo
2014,IV,17.5732217573222,Mujeres,27,Lugo
2011,I,15.7377449484158,Mujeres,28,Madrid
2011,II,14.8199613339778,Mujeres,28,Madrid
2011,III,17.1856693593143,Mujeres,28,Madrid
2011,IV,17.35638526148,Mujeres,28,Madrid
2012,I,17.2068179090145,Mujeres,28,Madrid
2012,II,17.6716168664639,Mujeres,28,Madrid
2012,III,17.9525849067986,Mujeres,28,Madrid
2012,IV,18.809969223342,Mujeres,28,Madrid
2013,I,20.0143257923954,Mujeres,28,Madrid
2013,II,19.6873083997548,Mujeres,28,Madrid
2013,III,20.1554726368159,Mujeres,28,Madrid
2013,IV,21.5302491103203,Mujeres,28,Madrid
2014,I,21.9305883816395,Mujeres,28,Madrid
2014,II,19.8820503168329,Mujeres,28,Madrid
2014,III,18.9697465249387,Mujeres,28,Madrid
2014,IV,17.6388720803582,Mujeres,28,Madrid
2011,I,33.1012474615608,Mujeres,29,Málaga
2011,II,29.4656037791556,Mujeres,29,Málaga
2011,III,30.4436660828955,Mujeres,29,Málaga
2011,IV,30.4360381172394,Mujeres,29,Málaga
2012,I,35.0194552529183,Mujeres,29,Málaga
2012,II,32.6039387308534,Mujeres,29,Málaga
2012,III,32.4405575293796,Mujeres,29,Málaga
2012,IV,33.7121212121212,Mujeres,29,Málaga
2013,I,35.0027670171555,Mujeres,29,Málaga
2013,II,34.8792535675082,Mujeres,29,Málaga
2013,III,33.3240611961057,Mujeres,29,Málaga
2013,IV,34.7398030942335,Mujeres,29,Málaga
2014,I,36.7835281023929,Mujeres,29,Málaga
2014,II,33.0240174672489,Mujeres,29,Málaga
2014,III,32.3465507876154,Mujeres,29,Málaga
2014,IV,30.9725158562368,Mujeres,29,Málaga
2011,I,24.9677835051546,Mujeres,30,Murcia
2011,II,23.6943907156673,Mujeres,30,Murcia
2011,III,24.634858812074,Mujeres,30,Murcia
2011,IV,26.5170670037927,Mujeres,30,Murcia
2012,I,25.4119138149556,Mujeres,30,Murcia
2012,II,25.990639625585,Mujeres,30,Murcia
2012,III,28.0750307503075,Mujeres,30,Murcia
2012,IV,30.0220750551876,Mujeres,30,Murcia
2013,I,29.3213828425096,Mujeres,30,Murcia
2013,II,29.5483460559796,Mujeres,30,Murcia
2013,III,29.3303992455203,Mujeres,30,Murcia
2013,IV,29.9053627760252,Mujeres,30,Murcia
2014,I,28.2574568288854,Mujeres,30,Murcia
2014,II,28.1113195747342,Mujeres,30,Murcia
2014,III,30.3145853193518,Mujeres,30,Murcia
2014,IV,29.7845769591008,Mujeres,30,Murcia
2011,I,14.3252595155709,Mujeres,31,Navarra
2011,II,13.0615065653075,Mujeres,31,Navarra
2011,III,12.0331950207469,Mujeres,31,Navarra
2011,IV,14.4827586206897,Mujeres,31,Navarra
2012,I,15.6944444444444,Mujeres,31,Navarra
2012,II,14.3835616438356,Mujeres,31,Navarra
2012,III,14.3955276030748,Mujeres,31,Navarra
2012,IV,17.6268861454047,Mujeres,31,Navarra
2013,I,20.5821205821206,Mujeres,31,Navarra
2013,II,18.4637068357999,Mujeres,31,Navarra
2013,III,18.8076650106458,Mujeres,31,Navarra
2013,IV,17.5301632363378,Mujeres,31,Navarra
2014,I,18.5416666666667,Mujeres,31,Navarra
2014,II,16.3380281690141,Mujeres,31,Navarra
2014,III,14.1449683321605,Mujeres,31,Navarra
2014,IV,14.8981026001405,Mujeres,31,Navarra
2011,I,18.7692307692308,Mujeres,32,Ourense
2011,II,18.3823529411765,Mujeres,32,Ourense
2011,III,18.2634730538922,Mujeres,32,Ourense
2011,IV,19.0265486725664,Mujeres,32,Ourense
2012,I,22.0059880239521,Mujeres,32,Ourense
2012,II,21.0445468509985,Mujeres,32,Ourense
2012,III,22.3227752639517,Mujeres,32,Ourense
2012,IV,22.9483282674772,Mujeres,32,Ourense
2013,I,22.8177641653905,Mujeres,32,Ourense
2013,II,23.5478806907378,Mujeres,32,Ourense
2013,III,23.4645669291339,Mujeres,32,Ourense
2013,IV,23.4836702954899,Mujeres,32,Ourense
2014,I,23.6760124610592,Mujeres,32,Ourense
2014,II,23.7871674491393,Mujeres,32,Ourense
2014,III,19.6850393700787,Mujeres,32,Ourense
2014,IV,19.7268588770865,Mujeres,32,Ourense
2011,I,18.7361908970393,Mujeres,33,Asturias
2011,II,16.4425162689805,Mujeres,33,Asturias
2011,III,16.431718061674,Mujeres,33,Asturias
2011,IV,17.5454142667257,Mujeres,33,Asturias
2012,I,20.6227436823105,Mujeres,33,Asturias
2012,II,20.7877461706783,Mujeres,33,Asturias
2012,III,21.5211754537597,Mujeres,33,Asturias
2012,IV,24.0489724529952,Mujeres,33,Asturias
2013,I,25.6576110392411,Mujeres,33,Asturias
2013,II,23.5890652557319,Mujeres,33,Asturias
2013,III,24.8479582971329,Mujeres,33,Asturias
2013,IV,23.3435717419921,Mujeres,33,Asturias
2014,I,24.0716470074268,Mujeres,33,Asturias
2014,II,21.9630281690141,Mujeres,33,Asturias
2014,III,21.511879049676,Mujeres,33,Asturias
2014,IV,21.2671688081524,Mujeres,33,Asturias
2011,I,19.8879551820728,Mujeres,34,Palencia
2011,II,19.4117647058824,Mujeres,34,Palencia
2011,III,20.6489675516224,Mujeres,34,Palencia
2011,IV,23.1428571428571,Mujeres,34,Palencia
2012,I,23.2352941176471,Mujeres,34,Palencia
2012,II,24.5614035087719,Mujeres,34,Palencia
2012,III,24.207492795389,Mujeres,34,Palencia
2012,IV,20.6153846153846,Mujeres,34,Palencia
2013,I,24.2774566473988,Mujeres,34,Palencia
2013,II,25.2199413489736,Mujeres,34,Palencia
2013,III,27.8089887640449,Mujeres,34,Palencia
2013,IV,26.0744985673352,Mujeres,34,Palencia
2014,I,25.3822629969419,Mujeres,34,Palencia
2014,II,22.6006191950464,Mujeres,34,Palencia
2014,III,28.5276073619632,Mujeres,34,Palencia
2014,IV,28.3987915407855,Mujeres,34,Palencia
2011,I,29.3137643792146,Mujeres,35,"Palmas, Las"
2011,II,33.0126971912274,Mujeres,35,"Palmas, Las"
2011,III,32.1104536489152,Mujeres,35,"Palmas, Las"
2011,IV,32.9158512720157,Mujeres,35,"Palmas, Las"
2012,I,35.548686244204,Mujeres,35,"Palmas, Las"
2012,II,37.5345713156855,Mujeres,35,"Palmas, Las"
2012,III,36.6955212645841,Mujeres,35,"Palmas, Las"
2012,IV,34.9116873355881,Mujeres,35,"Palmas, Las"
2013,I,36.1827560795873,Mujeres,35,"Palmas, Las"
2013,II,36.7476635514019,Mujeres,35,"Palmas, Las"
2013,III,37.532419414598,Mujeres,35,"Palmas, Las"
2013,IV,32.5956489122281,Mujeres,35,"Palmas, Las"
2014,I,30.5039787798409,Mujeres,35,"Palmas, Las"
2014,II,33.7904761904762,Mujeres,35,"Palmas, Las"
2014,III,36.0884749708964,Mujeres,35,"Palmas, Las"
2014,IV,34.9393019726859,Mujeres,35,"Palmas, Las"
2011,I,20.7992296581608,Mujeres,36,Pontevedra
2011,II,19.1852202747513,Mujeres,36,Pontevedra
2011,III,21.7411764705882,Mujeres,36,Pontevedra
2011,IV,24.2496426869938,Mujeres,36,Pontevedra
2012,I,26.0787102892366,Mujeres,36,Pontevedra
2012,II,25.1990632318501,Mujeres,36,Pontevedra
2012,III,23.2167832167832,Mujeres,36,Pontevedra
2012,IV,23.6432279377065,Mujeres,36,Pontevedra
2013,I,25.2278177458034,Mujeres,36,Pontevedra
2013,II,25.702046644455,Mujeres,36,Pontevedra
2013,III,24.3535496003761,Mujeres,36,Pontevedra
2013,IV,24.2409867172676,Mujeres,36,Pontevedra
2014,I,25.4976303317536,Mujeres,36,Pontevedra
2014,II,25.296630280019,Mujeres,36,Pontevedra
2014,III,23.6197791646663,Mujeres,36,Pontevedra
2014,IV,26.1222540592168,Mujeres,36,Pontevedra
2011,I,18.6344238975818,Mujeres,37,Salamanca
2011,II,17.3076923076923,Mujeres,37,Salamanca
2011,III,17.8294573643411,Mujeres,37,Salamanca
2011,IV,19.9192462987887,Mujeres,37,Salamanca
2012,I,24.0837696335079,Mujeres,37,Salamanca
2012,II,23.1175693527081,Mujeres,37,Salamanca
2012,III,21.5846994535519,Mujeres,37,Salamanca
2012,IV,23.9189189189189,Mujeres,37,Salamanca
2013,I,23.5685752330226,Mujeres,37,Salamanca
2013,II,19.774011299435,Mujeres,37,Salamanca
2013,III,22.5895316804408,Mujeres,37,Salamanca
2013,IV,27.2608125819135,Mujeres,37,Salamanca
2014,I,22.7336122733612,Mujeres,37,Salamanca
2014,II,21.0164835164835,Mujeres,37,Salamanca
2014,III,22.9711141678129,Mujeres,37,Salamanca
2014,IV,26.2482168330956,Mujeres,37,Salamanca
2011,I,25.6365990504963,Mujeres,38,Santa Cruz de Tenerife
2011,II,24.4702949729954,Mujeres,38,Santa Cruz de Tenerife
2011,III,26.4545835077438,Mujeres,38,Santa Cruz de Tenerife
2011,IV,28.3726812816189,Mujeres,38,Santa Cruz de Tenerife
2012,I,31.8273497377975,Mujeres,38,Santa Cruz de Tenerife
2012,II,29.3447293447293,Mujeres,38,Santa Cruz de Tenerife
2012,III,30.7692307692308,Mujeres,38,Santa Cruz de Tenerife
2012,IV,29.2570951585977,Mujeres,38,Santa Cruz de Tenerife
2013,I,29.8475867908552,Mujeres,38,Santa Cruz de Tenerife
2013,II,29.4714587737844,Mujeres,38,Santa Cruz de Tenerife
2013,III,29.3547026571067,Mujeres,38,Santa Cruz de Tenerife
2013,IV,30.8677685950413,Mujeres,38,Santa Cruz de Tenerife
2014,I,33.6764100452861,Mujeres,38,Santa Cruz de Tenerife
2014,II,33.9464882943144,Mujeres,38,Santa Cruz de Tenerife
2014,III,32.5286415711948,Mujeres,38,Santa Cruz de Tenerife
2014,IV,29.3420514916224,Mujeres,38,Santa Cruz de Tenerife
2011,I,15.1785714285714,Mujeres,39,Cantabria
2011,II,13.0434782608696,Mujeres,39,Cantabria
2011,III,13.2501948558067,Mujeres,39,Cantabria
2011,IV,15.7154026583268,Mujeres,39,Cantabria
2012,I,19.5471698113208,Mujeres,39,Cantabria
2012,II,16.1365399534523,Mujeres,39,Cantabria
2012,III,14.6456692913386,Mujeres,39,Cantabria
2012,IV,19.0916089299461,Mujeres,39,Cantabria
2013,I,20.8069620253165,Mujeres,39,Cantabria
2013,II,23.01024428684,Mujeres,39,Cantabria
2013,III,18.2242990654206,Mujeres,39,Cantabria
2013,IV,21.3343677269201,Mujeres,39,Cantabria
2014,I,20.4527712724434,Mujeres,39,Cantabria
2014,II,18.5388845247447,Mujeres,39,Cantabria
2014,III,18.2795698924731,Mujeres,39,Cantabria
2014,IV,17.4015748031496,Mujeres,39,Cantabria
2011,I,15.8054711246201,Mujeres,40,Segovia
2011,II,14.2857142857143,Mujeres,40,Segovia
2011,III,15.5963302752294,Mujeres,40,Segovia
2011,IV,18.562874251497,Mujeres,40,Segovia
2012,I,25.1445086705202,Mujeres,40,Segovia
2012,II,24.9230769230769,Mujeres,40,Segovia
2012,III,22.0238095238095,Mujeres,40,Segovia
2012,IV,23.2558139534884,Mujeres,40,Segovia
2013,I,24.0356083086053,Mujeres,40,Segovia
2013,II,25.2173913043478,Mujeres,40,Segovia
2013,III,21.4705882352941,Mujeres,40,Segovia
2013,IV,19.943019943019902,Mujeres,40,Segovia
2014,I,16.5191740412979,Mujeres,40,Segovia
2014,II,13.0434782608696,Mujeres,40,Segovia
2014,III,14.0762463343109,Mujeres,40,Segovia
2014,IV,14.8809523809524,Mujeres,40,Segovia
2011,I,28.3151515151515,Mujeres,41,Sevilla
2011,II,27.8248245826276,Mujeres,41,Sevilla
2011,III,29.9927025054731,Mujeres,41,Sevilla
2011,IV,29.3095123128923,Mujeres,41,Sevilla
2012,I,30.6707750651813,Mujeres,41,Sevilla
2012,II,32.2190611664296,Mujeres,41,Sevilla
2012,III,33.9667458432304,Mujeres,41,Sevilla
2012,IV,34.1110592627158,Mujeres,41,Sevilla
2013,I,35.3131499884447,Mujeres,41,Sevilla
2013,II,34.6943430656934,Mujeres,41,Sevilla
2013,III,35.0131358968235,Mujeres,41,Sevilla
2013,IV,38.0072959416325,Mujeres,41,Sevilla
2014,I,34.7022587268994,Mujeres,41,Sevilla
2014,II,33.7249481686247,Mujeres,41,Sevilla
2014,III,36.3060314480169,Mujeres,41,Sevilla
2014,IV,34.5790184601531,Mujeres,41,Sevilla
2011,I,20,Mujeres,42,Soria
2011,II,18.1372549019608,Mujeres,42,Soria
2011,III,15.2380952380952,Mujeres,42,Soria
2011,IV,15.1219512195122,Mujeres,42,Soria
2012,I,16.751269035533,Mujeres,42,Soria
2012,II,16.1764705882353,Mujeres,42,Soria
2012,III,15.609756097561,Mujeres,42,Soria
2012,IV,17.3267326732673,Mujeres,42,Soria
2013,I,16.2303664921466,Mujeres,42,Soria
2013,II,15.8974358974359,Mujeres,42,Soria
2013,III,16.580310880829,Mujeres,42,Soria
2013,IV,17.6767676767677,Mujeres,42,Soria
2014,I,19.2118226600985,Mujeres,42,Soria
2014,II,20.4878048780488,Mujeres,42,Soria
2014,III,21.3197969543147,Mujeres,42,Soria
2014,IV,21.1340206185567,Mujeres,42,Soria
2011,I,19.5216907675195,Mujeres,43,Tarragona
2011,II,18.5244161358811,Mujeres,43,Tarragona
2011,III,19.7282608695652,Mujeres,43,Tarragona
2011,IV,21.7777777777778,Mujeres,43,Tarragona
2012,I,23.5546038543897,Mujeres,43,Tarragona
2012,II,21.3888888888889,Mujeres,43,Tarragona
2012,III,25.4322364751813,Mujeres,43,Tarragona
2012,IV,26.2654668166479,Mujeres,43,Tarragona
2013,I,28.4934497816594,Mujeres,43,Tarragona
2013,II,26.4512595837897,Mujeres,43,Tarragona
2013,III,25.2276379217997,Mujeres,43,Tarragona
2013,IV,27.1111111111111,Mujeres,43,Tarragona
2014,I,27.1949828962372,Mujeres,43,Tarragona
2014,II,22.9853975121687,Mujeres,43,Tarragona
2014,III,18.9333333333333,Mujeres,43,Tarragona
2014,IV,22.1052631578947,Mujeres,43,Tarragona
2011,I,15.5405405405405,Mujeres,44,Teruel
2011,II,17.9930795847751,Mujeres,44,Teruel
2011,III,15.4929577464789,Mujeres,44,Teruel
2011,IV,14.4366197183099,Mujeres,44,Teruel
2012,I,16.9675090252708,Mujeres,44,Teruel
2012,II,19.5729537366548,Mujeres,44,Teruel
2012,III,20,Mujeres,44,Teruel
2012,IV,22.0149253731343,Mujeres,44,Teruel
2013,I,20.6896551724138,Mujeres,44,Teruel
2013,II,22.4264705882353,Mujeres,44,Teruel
2013,III,20.9737827715356,Mujeres,44,Teruel
2013,IV,21.455938697318,Mujeres,44,Teruel
2014,I,22.1804511278196,Mujeres,44,Teruel
2014,II,23.6559139784946,Mujeres,44,Teruel
2014,III,23.3576642335766,Mujeres,44,Teruel
2014,IV,23.2472324723247,Mujeres,44,Teruel
2011,I,27.5087719298246,Mujeres,45,Toledo
2011,II,27.810650887574,Mujeres,45,Toledo
2011,III,25.4940711462451,Mujeres,45,Toledo
2011,IV,27.9131007241606,Mujeres,45,Toledo
2012,I,31.1168495803744,Mujeres,45,Toledo
2012,II,31.8504190844616,Mujeres,45,Toledo
2012,III,31.0819672131148,Mujeres,45,Toledo
2012,IV,35.3776630083925,Mujeres,45,Toledo
2013,I,35.1475409836066,Mujeres,45,Toledo
2013,II,34.6477052359405,Mujeres,45,Toledo
2013,III,33.3550065019506,Mujeres,45,Toledo
2013,IV,33.2223701731025,Mujeres,45,Toledo
2014,I,37.682119205298,Mujeres,45,Toledo
2014,II,34.7589952477936,Mujeres,45,Toledo
2014,III,34.7645429362881,Mujeres,45,Toledo
2014,IV,35.1129363449692,Mujeres,45,Toledo
2011,I,24.7570332480818,Mujeres,46,Valencia/València
2011,II,24.1443578447984,Mujeres,46,Valencia/València
2011,III,24.6130551816958,Mujeres,46,Valencia/València
2011,IV,23.7044466733534,Mujeres,46,Valencia/València
2012,I,23.7408851958623,Mujeres,46,Valencia/València
2012,II,24.9196956889265,Mujeres,46,Valencia/València
2012,III,27.4506466984343,Mujeres,46,Valencia/València
2012,IV,26.5217391304348,Mujeres,46,Valencia/València
2013,I,28.0900778868947,Mujeres,46,Valencia/València
2013,II,28.9286921257182,Mujeres,46,Valencia/València
2013,III,26.7093647221741,Mujeres,46,Valencia/València
2013,IV,24.8589502479056,Mujeres,46,Valencia/València
2014,I,27.5188485263879,Mujeres,46,Valencia/València
2014,II,26.3029031129766,Mujeres,46,Valencia/València
2014,III,25.7331902718169,Mujeres,46,Valencia/València
2014,IV,23.1470124408621,Mujeres,46,Valencia/València
2011,I,16.8896321070234,Mujeres,47,Valladolid
2011,II,18.3098591549296,Mujeres,47,Valladolid
2011,III,18.8006482982172,Mujeres,47,Valladolid
2011,IV,18.2847896440129,Mujeres,47,Valladolid
2012,I,18.4602649006623,Mujeres,47,Valladolid
2012,II,19.0983606557377,Mujeres,47,Valladolid
2012,III,20.5691056910569,Mujeres,47,Valladolid
2012,IV,19.5325542570952,Mujeres,47,Valladolid
2013,I,20.1639344262295,Mujeres,47,Valladolid
2013,II,20.2945990180033,Mujeres,47,Valladolid
2013,III,21.8696397941681,Mujeres,47,Valladolid
2013,IV,22.2793487574979,Mujeres,47,Valladolid
2014,I,20.2247191011236,Mujeres,47,Valladolid
2014,II,21.0113339145597,Mujeres,47,Valladolid
2014,III,17.5901495162709,Mujeres,47,Valladolid
2014,IV,19.724375538329,Mujeres,47,Valladolid
2011,I,13.8357705286839,Mujeres,48,Bizkaia
2011,II,13.5304990757856,Mujeres,48,Bizkaia
2011,III,12.7037037037037,Mujeres,48,Bizkaia
2011,IV,15.3817914831131,Mujeres,48,Bizkaia
2012,I,14.1059855127716,Mujeres,48,Bizkaia
2012,II,16.9504351116156,Mujeres,48,Bizkaia
2012,III,17.4698795180723,Mujeres,48,Bizkaia
2012,IV,17.0553935860058,Mujeres,48,Bizkaia
2013,I,17.6783004552352,Mujeres,48,Bizkaia
2013,II,15.645472061657,Mujeres,48,Bizkaia
2013,III,18.6959937156324,Mujeres,48,Bizkaia
2013,IV,16.9195751138088,Mujeres,48,Bizkaia
2014,I,17.9377431906615,Mujeres,48,Bizkaia
2014,II,15.2173913043478,Mujeres,48,Bizkaia
2014,III,15.7873376623377,Mujeres,48,Bizkaia
2014,IV,16.9653069004956,Mujeres,48,Bizkaia
2011,I,24.4117647058824,Mujeres,49,Zamora
2011,II,20.440251572327,Mujeres,49,Zamora
2011,III,19.7604790419162,Mujeres,49,Zamora
2011,IV,19.8083067092652,Mujeres,49,Zamora
2012,I,19.5583596214511,Mujeres,49,Zamora
2012,II,24.3827160493827,Mujeres,49,Zamora
2012,III,27.6073619631902,Mujeres,49,Zamora
2012,IV,27.7258566978193,Mujeres,49,Zamora
2013,I,29.8136645962733,Mujeres,49,Zamora
2013,II,27.299703264095,Mujeres,49,Zamora
2013,III,30.2052785923754,Mujeres,49,Zamora
2013,IV,23.3236151603499,Mujeres,49,Zamora
2014,I,26.0387811634349,Mujeres,49,Zamora
2014,II,28.2967032967033,Mujeres,49,Zamora
2014,III,28.6096256684492,Mujeres,49,Zamora
2014,IV,28.686327077748,Mujeres,49,Zamora
2011,I,18.9429373246024,Mujeres,50,Zaragoza
2011,II,18.4672206832872,Mujeres,50,Zaragoza
2011,III,17.4193548387097,Mujeres,50,Zaragoza
2011,IV,17.0222423967317,Mujeres,50,Zaragoza
2012,I,19.8015336039693,Mujeres,50,Zaragoza
2012,II,20.2407489968792,Mujeres,50,Zaragoza
2012,III,20.8333333333333,Mujeres,50,Zaragoza
2012,IV,21.875,Mujeres,50,Zaragoza
2013,I,24.5098039215686,Mujeres,50,Zaragoza
2013,II,25.6,Mujeres,50,Zaragoza
2013,III,23.1750219876869,Mujeres,50,Zaragoza
2013,IV,21.4573088958426,Mujeres,50,Zaragoza
2014,I,25.0111856823266,Mujeres,50,Zaragoza
2014,II,22.6083032490975,Mujeres,50,Zaragoza
2014,III,22.1917808219178,Mujeres,50,Zaragoza
2014,IV,23.2996323529412,Mujeres,50,Zaragoza
2011,I,32.3076923076923,Mujeres,51,Ceuta
2011,II,35.5072463768116,Mujeres,51,Ceuta
2011,III,41.3533834586466,Mujeres,51,Ceuta
2011,IV,38.0645161290323,Mujeres,51,Ceuta
2012,I,42.4050632911392,Mujeres,51,Ceuta
2012,II,44.0993788819876,Mujeres,51,Ceuta
2012,III,55.3571428571429,Mujeres,51,Ceuta
2012,IV,50.3355704697987,Mujeres,51,Ceuta
2013,I,47.3053892215569,Mujeres,51,Ceuta
2013,II,42,Mujeres,51,Ceuta
2013,III,42.483660130719,Mujeres,51,Ceuta
2013,IV,43.125,Mujeres,51,Ceuta
2014,I,34.0277777777778,Mujeres,51,Ceuta
2014,II,36.6666666666667,Mujeres,51,Ceuta
2014,III,35.8108108108108,Mujeres,51,Ceuta
2014,IV,38.7096774193548,Mujeres,51,Ceuta
2011,I,23.1788079470199,Mujeres,52,Melilla
2011,II,23.7037037037037,Mujeres,52,Melilla
2011,III,26.3157894736842,Mujeres,52,Melilla
2011,IV,36.231884057971,Mujeres,52,Melilla
2012,I,34.4,Mujeres,52,Melilla
2012,II,35.2941176470588,Mujeres,52,Melilla
2012,III,33.7748344370861,Mujeres,52,Melilla
2012,IV,30.3448275862069,Mujeres,52,Melilla
2013,I,29.4520547945206,Mujeres,52,Melilla
2013,II,26.25,Mujeres,52,Melilla
2013,III,38.2165605095541,Mujeres,52,Melilla
2013,IV,32.6388888888889,Mujeres,52,Melilla
2014,I,26.5734265734266,Mujeres,52,Melilla
2014,II,33.7837837837838,Mujeres,52,Melilla
2014,III,40.9395973154362,Mujeres,52,Melilla
2014,IV,39.5973154362416,Mujeres,52,Melilla
2011,I,12.8586609989373,Hombres,01,Araba/Álava
2011,II,8.81104033970276,Hombres,01,Araba/Álava
2011,III,9.72803347280335,Hombres,01,Araba/Álava
2011,IV,10.8193277310924,Hombres,01,Araba/Álava
2012,I,16.3793103448276,Hombres,01,Araba/Álava
2012,II,16.204217536071,Hombres,01,Araba/Álava
2012,III,14.2857142857143,Hombres,01,Araba/Álava
2012,IV,20.1123595505618,Hombres,01,Araba/Álava
2013,I,16.8701442841287,Hombres,01,Araba/Álava
2013,II,17.4444444444444,Hombres,01,Araba/Álava
2013,III,17.2645739910314,Hombres,01,Araba/Álava
2013,IV,19.7488584474886,Hombres,01,Araba/Álava
2014,I,18.2248520710059,Hombres,01,Araba/Álava
2014,II,16.5707710011507,Hombres,01,Araba/Álava
2014,III,13.6741973840666,Hombres,01,Araba/Álava
2014,IV,14.9764150943396,Hombres,01,Araba/Álava
2011,I,20.7373271889401,Hombres,02,Albacete
2011,II,21.6998191681736,Hombres,02,Albacete
2011,III,24.4545454545455,Hombres,02,Albacete
2011,IV,24.108818011257,Hombres,02,Albacete
2012,I,25.8801141769743,Hombres,02,Albacete
2012,II,28.0260707635009,Hombres,02,Albacete
2012,III,29.0806754221388,Hombres,02,Albacete
2012,IV,28.2296650717703,Hombres,02,Albacete
2013,I,31.2264150943396,Hombres,02,Albacete
2013,II,28.4780578898226,Hombres,02,Albacete
2013,III,27.3645546372819,Hombres,02,Albacete
2013,IV,25.095785440613,Hombres,02,Albacete
2014,I,27.0428015564202,Hombres,02,Albacete
2014,II,27.3959341723137,Hombres,02,Albacete
2014,III,30.048309178744,Hombres,02,Albacete
2014,IV,23.8691049085659,Hombres,02,Albacete
2011,I,24.5279103548454,Hombres,03,Alicante/Alacant
2011,II,23.2818218788125,Hombres,03,Alicante/Alacant
2011,III,22.2088594908799,Hombres,03,Alicante/Alacant
2011,IV,25.767951477206,Hombres,03,Alicante/Alacant
2012,I,29.1486007094994,Hombres,03,Alicante/Alacant
2012,II,27.0938839111804,Hombres,03,Alicante/Alacant
2012,III,25.9382982904303,Hombres,03,Alicante/Alacant
2012,IV,26.5390686661405,Hombres,03,Alicante/Alacant
2013,I,26.5732846122615,Hombres,03,Alicante/Alacant
2013,II,24.0357852882704,Hombres,03,Alicante/Alacant
2013,III,24.6605431309904,Hombres,03,Alicante/Alacant
2013,IV,26.3326653306613,Hombres,03,Alicante/Alacant
2014,I,26.7341040462428,Hombres,03,Alicante/Alacant
2014,II,25.0152780607048,Hombres,03,Alicante/Alacant
2014,III,23.0199547418227,Hombres,03,Alicante/Alacant
2014,IV,23.914373088685,Hombres,03,Alicante/Alacant
2011,I,30.5893813930833,Hombres,04,Almería
2011,II,32.1657622101628,Hombres,04,Almería
2011,III,33.0731707317073,Hombres,04,Almería
2011,IV,33.0653266331658,Hombres,04,Almería
2012,I,34.9643221202854,Hombres,04,Almería
2012,II,34.3014521782674,Hombres,04,Almería
2012,III,37.9684418145957,Hombres,04,Almería
2012,IV,33.9901477832512,Hombres,04,Almería
2013,I,36.1819090454773,Hombres,04,Almería
2013,II,34.2485549132948,Hombres,04,Almería
2013,III,36.0215053763441,Hombres,04,Almería
2013,IV,33.8206627680312,Hombres,04,Almería
2014,I,32.8027013989387,Hombres,04,Almería
2014,II,31.8136769078295,Hombres,04,Almería
2014,III,34.5536609829489,Hombres,04,Almería
2014,IV,33.4508816120907,Hombres,04,Almería
2011,I,26.7857142857143,Hombres,05,Ávila
2011,II,24.3478260869565,Hombres,05,Ávila
2011,III,19.661733615222,Hombres,05,Ávila
2011,IV,20,Hombres,05,Ávila
2012,I,24.6753246753247,Hombres,05,Ávila
2012,II,25.1572327044025,Hombres,05,Ávila
2012,III,22.4318658280922,Hombres,05,Ávila
2012,IV,20.5183585313175,Hombres,05,Ávila
2013,I,24.4394618834081,Hombres,05,Ávila
2013,II,23.7250554323725,Hombres,05,Ávila
2013,III,21.0752688172043,Hombres,05,Ávila
2013,IV,23.4273318872017,Hombres,05,Ávila
2014,I,24.6636771300448,Hombres,05,Ávila
2014,II,23.3409610983982,Hombres,05,Ávila
2014,III,21.1009174311927,Hombres,05,Ávila
2014,IV,23.7209302325581,Hombres,05,Ávila
2011,I,24.6161990471149,Hombres,06,Badajoz
2011,II,22.0556745182013,Hombres,06,Badajoz
2011,III,22.7146814404432,Hombres,06,Badajoz
2011,IV,26.4444444444444,Hombres,06,Badajoz
2012,I,30.8655416439848,Hombres,06,Badajoz
2012,II,30.1980198019802,Hombres,06,Badajoz
2012,III,29.4179894179894,Hombres,06,Badajoz
2012,IV,32.0540540540541,Hombres,06,Badajoz
2013,I,35.8337830545062,Hombres,06,Badajoz
2013,II,33.0756488128106,Hombres,06,Badajoz
2013,III,31.4238042269188,Hombres,06,Badajoz
2013,IV,29.3614595210946,Hombres,06,Badajoz
2014,I,31.4415437003405,Hombres,06,Badajoz
2014,II,27.4103139013453,Hombres,06,Badajoz
2014,III,23.8864142538976,Hombres,06,Badajoz
2014,IV,28.9502762430939,Hombres,06,Badajoz
2011,I,23.7652341244387,Hombres,07,"Balears, Illes"
2011,II,20.3749231714813,Hombres,07,"Balears, Illes"
2011,III,19.6195005945303,Hombres,07,"Balears, Illes"
2011,IV,25.787523162446,Hombres,07,"Balears, Illes"
2012,I,26.8800497203232,Hombres,07,"Balears, Illes"
2012,II,19.6627521830774,Hombres,07,"Balears, Illes"
2012,III,19.1099476439791,Hombres,07,"Balears, Illes"
2012,IV,24.2765763021627,Hombres,07,"Balears, Illes"
2013,I,28.0243161094225,Hombres,07,"Balears, Illes"
2013,II,20.4954290769684,Hombres,07,"Balears, Illes"
2013,III,17.4874668239457,Hombres,07,"Balears, Illes"
2013,IV,24.3534482758621,Hombres,07,"Balears, Illes"
2014,I,27.960102960103,Hombres,07,"Balears, Illes"
2014,II,20.5442583732057,Hombres,07,"Balears, Illes"
2014,III,17.5351288056206,Hombres,07,"Balears, Illes"
2014,IV,19.9126092384519,Hombres,07,"Balears, Illes"
2011,I,19.7159198039093,Hombres,08,Barcelona
2011,II,18.636073932441,Hombres,08,Barcelona
2011,III,20.8190693546342,Hombres,08,Barcelona
2011,IV,20.5848329048843,Hombres,08,Barcelona
2012,I,21.8310775637689,Hombres,08,Barcelona
2012,II,22.8522898020514,Hombres,08,Barcelona
2012,III,23.5358830000647,Hombres,08,Barcelona
2012,IV,24.9671829876608,Hombres,08,Barcelona
2013,I,25.2430373095113,Hombres,08,Barcelona
2013,II,24.0601503759399,Hombres,08,Barcelona
2013,III,23.6112970151252,Hombres,08,Barcelona
2013,IV,21.7721690752426,Hombres,08,Barcelona
2014,I,22.8342685096483,Hombres,08,Barcelona
2014,II,19.8260389341433,Hombres,08,Barcelona
2014,III,18.7750587584681,Hombres,08,Barcelona
2014,IV,19.901753428396,Hombres,08,Barcelona
2011,I,15.3392330383481,Hombres,09,Burgos
2011,II,13.9312977099237,Hombres,09,Burgos
2011,III,14.5403377110694,Hombres,09,Burgos
2011,IV,13.8030888030888,Hombres,09,Burgos
2012,I,14.6034816247582,Hombres,09,Burgos
2012,II,13.3458646616541,Hombres,09,Burgos
2012,III,13.6111111111111,Hombres,09,Burgos
2012,IV,15.5238095238095,Hombres,09,Burgos
2013,I,21.1798839458414,Hombres,09,Burgos
2013,II,17.1,Hombres,09,Burgos
2013,III,16.370808678501,Hombres,09,Burgos
2013,IV,16.8986083499006,Hombres,09,Burgos
2014,I,13.9817629179331,Hombres,09,Burgos
2014,II,17.0421155729677,Hombres,09,Burgos
2014,III,17.0443349753695,Hombres,09,Burgos
2014,IV,17.982017982018,Hombres,09,Burgos
2011,I,19.8058252427184,Hombres,10,Cáceres
2011,II,19.7876447876448,Hombres,10,Cáceres
2011,III,21.087786259542,Hombres,10,Cáceres
2011,IV,24.9289099526066,Hombres,10,Cáceres
2012,I,29.8160696999032,Hombres,10,Cáceres
2012,II,32.7237728585178,Hombres,10,Cáceres
2012,III,31.6981132075472,Hombres,10,Cáceres
2012,IV,30.8056872037915,Hombres,10,Cáceres
2013,I,33.847637415622,Hombres,10,Cáceres
2013,II,31.3931297709924,Hombres,10,Cáceres
2013,III,32.7137546468402,Hombres,10,Cáceres
2013,IV,29.7348484848485,Hombres,10,Cáceres
2014,I,28.6407766990291,Hombres,10,Cáceres
2014,II,26.6098484848485,Hombres,10,Cáceres
2014,III,24.1860465116279,Hombres,10,Cáceres
2014,IV,24.3577545195052,Hombres,10,Cáceres
2011,I,30.6336939721793,Hombres,11,Cádiz
2011,II,30.3847318994244,Hombres,11,Cádiz
2011,III,29.4506154308016,Hombres,11,Cádiz
2011,IV,33.252939403075104,Hombres,11,Cádiz
2012,I,33.5939943697216,Hombres,11,Cádiz
2012,II,33.046946916232,Hombres,11,Cádiz
2012,III,35.0015073861924,Hombres,11,Cádiz
2012,IV,35.9987838248708,Hombres,11,Cádiz
2013,I,38.681592039801,Hombres,11,Cádiz
2013,II,37.0877411325451,Hombres,11,Cádiz
2013,III,34.1890667472063,Hombres,11,Cádiz
2013,IV,36.828885400314,Hombres,11,Cádiz
2014,I,40.9313725490196,Hombres,11,Cádiz
2014,II,39.8958971218616,Hombres,11,Cádiz
2014,III,40.2756508422665,Hombres,11,Cádiz
2014,IV,40.0062169723345,Hombres,11,Cádiz
2011,I,25.9953161592506,Hombres,12,Castellón/Castelló
2011,II,26.1336515513127,Hombres,12,Castellón/Castelló
2011,III,25.5168340224454,Hombres,12,Castellón/Castelló
2011,IV,26.6747133373567,Hombres,12,Castellón/Castelló
2012,I,29.5191722458917,Hombres,12,Castellón/Castelló
2012,II,28.7446937537902,Hombres,12,Castellón/Castelló
2012,III,26.9908814589666,Hombres,12,Castellón/Castelló
2012,IV,25.462392108508,Hombres,12,Castellón/Castelló
2013,I,29.911838790932,Hombres,12,Castellón/Castelló
2013,II,29.3606455617629,Hombres,12,Castellón/Castelló
2013,III,25.625,Hombres,12,Castellón/Castelló
2013,IV,27.2204472843451,Hombres,12,Castellón/Castelló
2014,I,26.6968325791855,Hombres,12,Castellón/Castelló
2014,II,25.9119496855346,Hombres,12,Castellón/Castelló
2014,III,26.0089686098655,Hombres,12,Castellón/Castelló
2014,IV,23.7364043506078,Hombres,12,Castellón/Castelló
2011,I,17.6875430144529,Hombres,13,Ciudad Real
2011,II,19.2812715964064,Hombres,13,Ciudad Real
2011,III,20.0561009817672,Hombres,13,Ciudad Real
2011,IV,24.5821727019499,Hombres,13,Ciudad Real
2012,I,27.9858657243816,Hombres,13,Ciudad Real
2012,II,29.5535081502481,Hombres,13,Ciudad Real
2012,III,27.7263007840342,Hombres,13,Ciudad Real
2012,IV,27.3371104815864,Hombres,13,Ciudad Real
2013,I,27.9715302491103,Hombres,13,Ciudad Real
2013,II,25.4151624548737,Hombres,13,Ciudad Real
2013,III,24.7150997150997,Hombres,13,Ciudad Real
2013,IV,25.4493170381021,Hombres,13,Ciudad Real
2014,I,29.0252707581228,Hombres,13,Ciudad Real
2014,II,27.9485346676197,Hombres,13,Ciudad Real
2014,III,29.020979020979,Hombres,13,Ciudad Real
2014,IV,29.8616168973052,Hombres,13,Ciudad Real
2011,I,26.0523854069224,Hombres,14,Córdoba
2011,II,31.7865429234339,Hombres,14,Córdoba
2011,III,31.588785046729,Hombres,14,Córdoba
2011,IV,28.6706808707735,Hombres,14,Córdoba
2012,I,28.8606403013183,Hombres,14,Córdoba
2012,II,32,Hombres,14,Córdoba
2012,III,33.7850919651501,Hombres,14,Córdoba
2012,IV,30.2078298695022,Hombres,14,Córdoba
2013,I,30.5622296972609,Hombres,14,Córdoba
2013,II,29.9432355723746,Hombres,14,Córdoba
2013,III,34.3127962085308,Hombres,14,Córdoba
2013,IV,32.6609029779059,Hombres,14,Córdoba
2014,I,29.7453147525228,Hombres,14,Córdoba
2014,II,30.8136735676456,Hombres,14,Córdoba
2014,III,33.5078534031414,Hombres,14,Córdoba
2014,IV,29.570670525808,Hombres,14,Córdoba
2011,I,14.6744746813641,Hombres,15,"Coruña, A"
2011,II,14.526678141136,Hombres,15,"Coruña, A"
2011,III,15.249569707401,Hombres,15,"Coruña, A"
2011,IV,15.5262243834665,Hombres,15,"Coruña, A"
2012,I,17.921270718232,Hombres,15,"Coruña, A"
2012,II,19.4979367262724,Hombres,15,"Coruña, A"
2012,III,17.9452054794521,Hombres,15,"Coruña, A"
2012,IV,19.8898830006882,Hombres,15,"Coruña, A"
2013,I,20.207972270364,Hombres,15,"Coruña, A"
2013,II,20.3638908327502,Hombres,15,"Coruña, A"
2013,III,20.535399788658,Hombres,15,"Coruña, A"
2013,IV,21.2218649517685,Hombres,15,"Coruña, A"
2014,I,22.8479196556671,Hombres,15,"Coruña, A"
2014,II,21.5373715905066,Hombres,15,"Coruña, A"
2014,III,18.8222923238696,Hombres,15,"Coruña, A"
2014,IV,18.8015787585217,Hombres,15,"Coruña, A"
2011,I,19.4444444444444,Hombres,16,Cuenca
2011,II,17.5531914893617,Hombres,16,Cuenca
2011,III,20.1769911504425,Hombres,16,Cuenca
2011,IV,20.1058201058201,Hombres,16,Cuenca
2012,I,22.7739726027397,Hombres,16,Cuenca
2012,II,20.5673758865248,Hombres,16,Cuenca
2012,III,16.8674698795181,Hombres,16,Cuenca
2012,IV,23.6234458259325,Hombres,16,Cuenca
2013,I,26.0794473229706,Hombres,16,Cuenca
2013,II,29.6610169491525,Hombres,16,Cuenca
2013,III,28.1786941580756,Hombres,16,Cuenca
2013,IV,25.6637168141593,Hombres,16,Cuenca
2014,I,28.5714285714286,Hombres,16,Cuenca
2014,II,25.8407079646018,Hombres,16,Cuenca
2014,III,25.7142857142857,Hombres,16,Cuenca
2014,IV,24.7232472324723,Hombres,16,Cuenca
2011,I,21.859410430839,Hombres,17,Girona
2011,II,20.299727520436,Hombres,17,Girona
2011,III,21.2975391498881,Hombres,17,Girona
2011,IV,23.5975892443208,Hombres,17,Girona
2012,I,26.9354099862574,Hombres,17,Girona
2012,II,25.7168866636322,Hombres,17,Girona
2012,III,23.1336405529954,Hombres,17,Girona
2012,IV,25.8620689655172,Hombres,17,Girona
2013,I,27.2944550669216,Hombres,17,Girona
2013,II,23.9068441064639,Hombres,17,Girona
2013,III,23.1578947368421,Hombres,17,Girona
2013,IV,25.5116611137554,Hombres,17,Girona
2014,I,26.152353226589,Hombres,17,Girona
2014,II,22.9653882132834,Hombres,17,Girona
2014,III,20.6768660176171,Hombres,17,Girona
2014,IV,22.6053639846743,Hombres,17,Girona
2011,I,28.7025448477263,Hombres,18,Granada
2011,II,27.2302463891249,Hombres,18,Granada
2011,III,28.7822878228782,Hombres,18,Granada
2011,IV,27.0505385252693,Hombres,18,Granada
2012,I,29.3103448275862,Hombres,18,Granada
2012,II,35.0643955130868,Hombres,18,Granada
2012,III,37.6093294460641,Hombres,18,Granada
2012,IV,37.2141372141372,Hombres,18,Granada
2013,I,36.6930445647647,Hombres,18,Granada
2013,II,36.8332633347333,Hombres,18,Granada
2013,III,37.3862696443342,Hombres,18,Granada
2013,IV,32.9441201000834,Hombres,18,Granada
2014,I,32.7234927234927,Hombres,18,Granada
2014,II,34.7755762232107,Hombres,18,Granada
2014,III,33.7304847986853,Hombres,18,Granada
2014,IV,32.452981192477,Hombres,18,Granada
2011,I,18.0592991913747,Hombres,19,Guadalajara
2011,II,19.1432396251673,Hombres,19,Guadalajara
2011,III,18.1326116373478,Hombres,19,Guadalajara
2011,IV,19.2360163710778,Hombres,19,Guadalajara
2012,I,19.4369973190349,Hombres,19,Guadalajara
2012,II,24.1645244215938,Hombres,19,Guadalajara
2012,III,21.9667943805875,Hombres,19,Guadalajara
2012,IV,21.5608465608466,Hombres,19,Guadalajara
2013,I,21.832884097035,Hombres,19,Guadalajara
2013,II,22.5067385444744,Hombres,19,Guadalajara
2013,III,21.5767634854772,Hombres,19,Guadalajara
2013,IV,19.2737430167598,Hombres,19,Guadalajara
2014,I,22.9281767955801,Hombres,19,Guadalajara
2014,II,22.4184782608696,Hombres,19,Guadalajara
2014,III,20.4884667571235,Hombres,19,Guadalajara
2014,IV,22.4764468371467,Hombres,19,Guadalajara
2011,I,8.26271186440678,Hombres,20,Gipuzkoa
2011,II,7.48407643312102,Hombres,20,Gipuzkoa
2011,III,7.72420943494038,Hombres,20,Gipuzkoa
2011,IV,9.25732217573222,Hombres,20,Gipuzkoa
2012,I,10.5263157894737,Hombres,20,Gipuzkoa
2012,II,12.0662039508809,Hombres,20,Gipuzkoa
2012,III,13.2563256325633,Hombres,20,Gipuzkoa
2012,IV,12.2964626614262,Hombres,20,Gipuzkoa
2013,I,13.9626907857547,Hombres,20,Gipuzkoa
2013,II,13.6261261261261,Hombres,20,Gipuzkoa
2013,III,13.7478608100399,Hombres,20,Gipuzkoa
2013,IV,12.633953750705,Hombres,20,Gipuzkoa
2014,I,13.5872654917567,Hombres,20,Gipuzkoa
2014,II,16.2344983089064,Hombres,20,Gipuzkoa
2014,III,13.3522727272727,Hombres,20,Gipuzkoa
2014,IV,14.0300230946882,Hombres,20,Gipuzkoa
2011,I,30.2491103202847,Hombres,21,Huelva
2011,II,26.4295676429568,Hombres,21,Huelva
2011,III,32.9370629370629,Hombres,21,Huelva
2011,IV,31.8275154004107,Hombres,21,Huelva
2012,I,37.3461012311902,Hombres,21,Huelva
2012,II,32.946001367054,Hombres,21,Huelva
2012,III,37.455579246624,Hombres,21,Huelva
2012,IV,34.847409510291,Hombres,21,Huelva
2013,I,39.1583452211127,Hombres,21,Huelva
2013,II,28.1503316138541,Hombres,21,Huelva
2013,III,32.5373134328358,Hombres,21,Huelva
2013,IV,30.0361010830325,Hombres,21,Huelva
2014,I,26.9202087994034,Hombres,21,Huelva
2014,II,27.3943661971831,Hombres,21,Huelva
2014,III,30.8695652173913,Hombres,21,Huelva
2014,IV,30.1492537313433,Hombres,21,Huelva
2011,I,11.3846153846154,Hombres,22,Huesca
2011,II,13.5135135135135,Hombres,22,Huesca
2011,III,9.70149253731343,Hombres,22,Huesca
2011,IV,12.8983308042489,Hombres,22,Huesca
2012,I,14.9390243902439,Hombres,22,Huesca
2012,II,13.8088012139605,Hombres,22,Huesca
2012,III,13.5593220338983,Hombres,22,Huesca
2012,IV,12.755905511811,Hombres,22,Huesca
2013,I,16.1764705882353,Hombres,22,Huesca
2013,II,14.4804088586031,Hombres,22,Huesca
2013,III,15.2066115702479,Hombres,22,Huesca
2013,IV,19.1201353637902,Hombres,22,Huesca
2014,I,20.2380952380952,Hombres,22,Huesca
2014,II,15.304347826087,Hombres,22,Huesca
2014,III,13.1810193321617,Hombres,22,Huesca
2014,IV,15.7119476268412,Hombres,22,Huesca
2011,I,17.5824175824176,Hombres,23,Jaén
2011,II,25.6740914419695,Hombres,23,Jaén
2011,III,27.2462077012835,Hombres,23,Jaén
2011,IV,22.8929384965831,Hombres,23,Jaén
2012,I,27.4813539873781,Hombres,23,Jaén
2012,II,35.6140350877193,Hombres,23,Jaén
2012,III,36.4529173887926,Hombres,23,Jaén
2012,IV,33.3333333333333,Hombres,23,Jaén
2013,I,38.4660081348054,Hombres,23,Jaén
2013,II,39.4181403308614,Hombres,23,Jaén
2013,III,36.2190812720848,Hombres,23,Jaén
2013,IV,31.0880829015544,Hombres,23,Jaén
2014,I,23.6919459141681,Hombres,23,Jaén
2014,II,31.6332726168792,Hombres,23,Jaén
2014,III,31.4593301435407,Hombres,23,Jaén
2014,IV,27.7546158427636,Hombres,23,Jaén
2011,I,17.5870858113849,Hombres,24,León
2011,II,16.4418212478921,Hombres,24,León
2011,III,15.1540383014155,Hombres,24,León
2011,IV,17.4917491749175,Hombres,24,León
2012,I,19.327731092437,Hombres,24,León
2012,II,20.4166666666667,Hombres,24,León
2012,III,21.0570469798658,Hombres,24,León
2012,IV,21.4592274678112,Hombres,24,León
2013,I,23.1173380035026,Hombres,24,León
2013,II,22.202486678508,Hombres,24,León
2013,III,21.7699115044248,Hombres,24,León
2013,IV,25.3508771929825,Hombres,24,León
2014,I,25.7950530035336,Hombres,24,León
2014,II,25.0637213254036,Hombres,24,León
2014,III,20.8547008547009,Hombres,24,León
2014,IV,21.7238346525946,Hombres,24,León
2011,I,11.8739903069467,Hombres,25,Lleida
2011,II,14.2063492063492,Hombres,25,Lleida
2011,III,13.4426229508197,Hombres,25,Lleida
2011,IV,14.8443735035914,Hombres,25,Lleida
2012,I,20.1587301587302,Hombres,25,Lleida
2012,II,20.1298701298701,Hombres,25,Lleida
2012,III,16.4143426294821,Hombres,25,Lleida
2012,IV,18.2038834951456,Hombres,25,Lleida
2013,I,15.4290429042904,Hombres,25,Lleida
2013,II,18.9751801441153,Hombres,25,Lleida
2013,III,15.2845528455285,Hombres,25,Lleida
2013,IV,15.459723352319,Hombres,25,Lleida
2014,I,16.2731871838111,Hombres,25,Lleida
2014,II,14.4053601340034,Hombres,25,Lleida
2014,III,12.280701754386,Hombres,25,Lleida
2014,IV,12.1931260229133,Hombres,25,Lleida
2011,I,15.3591160220994,Hombres,26,"Rioja, La"
2011,II,16.8903803131991,Hombres,26,"Rioja, La"
2011,III,16.9045005488474,Hombres,26,"Rioja, La"
2011,IV,17.4692049272116,Hombres,26,"Rioja, La"
2012,I,17.8935447338618,Hombres,26,"Rioja, La"
2012,II,21.0176991150442,Hombres,26,"Rioja, La"
2012,III,18.8141391106043,Hombres,26,"Rioja, La"
2012,IV,18.539976825029,Hombres,26,"Rioja, La"
2013,I,18.4964200477327,Hombres,26,"Rioja, La"
2013,II,20.9964412811388,Hombres,26,"Rioja, La"
2013,III,19.2982456140351,Hombres,26,"Rioja, La"
2013,IV,18.0308422301305,Hombres,26,"Rioja, La"
2014,I,16.9431279620853,Hombres,26,"Rioja, La"
2014,II,15.3755868544601,Hombres,26,"Rioja, La"
2014,III,16.5116279069767,Hombres,26,"Rioja, La"
2014,IV,13.5876042908224,Hombres,26,"Rioja, La"
2011,I,12.5570776255708,Hombres,27,Lugo
2011,II,11.264367816092,Hombres,27,Lugo
2011,III,10.6164383561644,Hombres,27,Lugo
2011,IV,11.1633372502938,Hombres,27,Lugo
2012,I,15.1079136690647,Hombres,27,Lugo
2012,II,18.8388625592417,Hombres,27,Lugo
2012,III,17.1224732461356,Hombres,27,Lugo
2012,IV,18.9221556886228,Hombres,27,Lugo
2013,I,22.6118500604595,Hombres,27,Lugo
2013,II,19.6385542168675,Hombres,27,Lugo
2013,III,17.2413793103448,Hombres,27,Lugo
2013,IV,18.4873949579832,Hombres,27,Lugo
2014,I,22.0747889022919,Hombres,27,Lugo
2014,II,20.0495049504951,Hombres,27,Lugo
2014,III,15.3751537515375,Hombres,27,Lugo
2014,IV,15.1133501259446,Hombres,27,Lugo
2011,I,14.6812727072553,Hombres,28,Madrid
2011,II,16.3431570889606,Hombres,28,Madrid
2011,III,16.0573476702509,Hombres,28,Madrid
2011,IV,18.5062789160608,Hombres,28,Madrid
2012,I,19.0211654908061,Hombres,28,Madrid
2012,II,19.1193575186929,Hombres,28,Madrid
2012,III,18.4929216363839,Hombres,28,Madrid
2012,IV,19.7879858657244,Hombres,28,Madrid
2013,I,19.9707058757253,Hombres,28,Madrid
2013,II,18.7560407072602,Hombres,28,Madrid
2013,III,18.7314285714286,Hombres,28,Madrid
2013,IV,19.4344443154105,Hombres,28,Madrid
2014,I,19.018296973962,Hombres,28,Madrid
2014,II,18.2402687673772,Hombres,28,Madrid
2014,III,16.207828036094,Hombres,28,Madrid
2014,IV,18.3440073193047,Hombres,28,Madrid
2011,I,31.1752287121745,Hombres,29,Málaga
2011,II,29.3595586471576,Hombres,29,Málaga
2011,III,29.3387443303891,Hombres,29,Málaga
2011,IV,32.0009350163628,Hombres,29,Málaga
2012,I,33.3253759847219,Hombres,29,Málaga
2012,II,35.8307728669345,Hombres,29,Málaga
2012,III,33.8878326996198,Hombres,29,Málaga
2012,IV,37.105842092398,Hombres,29,Málaga
2013,I,38.134765625,Hombres,29,Málaga
2013,II,36.4700262717936,Hombres,29,Málaga
2013,III,35.2199762187872,Hombres,29,Málaga
2013,IV,37.4352941176471,Hombres,29,Málaga
2014,I,36.3120567375887,Hombres,29,Málaga
2014,II,32.4121779859485,Hombres,29,Málaga
2014,III,28.8311090658076,Hombres,29,Málaga
2014,IV,30.77800593201,Hombres,29,Málaga
2011,I,25.9859666102105,Hombres,30,Murcia
2011,II,24.193157000728,Hombres,30,Murcia
2011,III,23.7150370547454,Hombres,30,Murcia
2011,IV,26.1437908496732,Hombres,30,Murcia
2012,I,27.622970680882,Hombres,30,Murcia
2012,II,26.1166707346839,Hombres,30,Murcia
2012,III,28.5644411836635,Hombres,30,Murcia
2012,IV,28.8675055514434,Hombres,30,Murcia
2013,I,30.3654648025509,Hombres,30,Murcia
2013,II,28.1963190184049,Hombres,30,Murcia
2013,III,28.2372799614179,Hombres,30,Murcia
2013,IV,27.4019607843137,Hombres,30,Murcia
2014,I,27.2974308300395,Hombres,30,Murcia
2014,II,22.7543424317618,Hombres,30,Murcia
2014,III,23.0807208096766,Hombres,30,Murcia
2014,IV,25.2550385668077,Hombres,30,Murcia
2011,I,12.8651685393258,Hombres,31,Navarra
2011,II,12.7056154282473,Hombres,31,Navarra
2011,III,11.5144639818491,Hombres,31,Navarra
2011,IV,13.2217090069284,Hombres,31,Navarra
2012,I,16.6378814047208,Hombres,31,Navarra
2012,II,17.8754997144489,Hombres,31,Navarra
2012,III,15.4195011337868,Hombres,31,Navarra
2012,IV,16.7633410672854,Hombres,31,Navarra
2013,I,17.6231884057971,Hombres,31,Navarra
2013,II,18.3661645422943,Hombres,31,Navarra
2013,III,17.1607753705815,Hombres,31,Navarra
2013,IV,15.5162241887906,Hombres,31,Navarra
2014,I,15.9318048206937,Hombres,31,Navarra
2014,II,15.5162241887906,Hombres,31,Navarra
2014,III,15.5820895522388,Hombres,31,Navarra
2014,IV,14.9643705463183,Hombres,31,Navarra
2011,I,17.0103092783505,Hombres,32,Ourense
2011,II,16.1125319693095,Hombres,32,Ourense
2011,III,16.4961636828644,Hombres,32,Ourense
2011,IV,18.5806451612903,Hombres,32,Ourense
2012,I,17.9028132992327,Hombres,32,Ourense
2012,II,19.4087403598972,Hombres,32,Ourense
2012,III,20.0777202072539,Hombres,32,Ourense
2012,IV,22.5371120107962,Hombres,32,Ourense
2013,I,24.9662618083671,Hombres,32,Ourense
2013,II,25.3711201079622,Hombres,32,Ourense
2013,III,25.5910987482615,Hombres,32,Ourense
2013,IV,22.9555236728838,Hombres,32,Ourense
2014,I,20.6095791001451,Hombres,32,Ourense
2014,II,21.5429403202329,Hombres,32,Ourense
2014,III,20.5202312138728,Hombres,32,Ourense
2014,IV,21.3564213564214,Hombres,32,Ourense
2011,I,17.6561295296839,Hombres,33,Asturias
2011,II,17.8149980966882,Hombres,33,Asturias
2011,III,17.8407350689127,Hombres,33,Asturias
2011,IV,19.9618320610687,Hombres,33,Asturias
2012,I,20.4222648752399,Hombres,33,Asturias
2012,II,21.4043035107588,Hombres,33,Asturias
2012,III,22.1080669710807,Hombres,33,Asturias
2012,IV,23.6196319018405,Hombres,33,Asturias
2013,I,25.3521126760563,Hombres,33,Asturias
2013,II,25.442390876917,Hombres,33,Asturias
2013,III,23.5453840186191,Hombres,33,Asturias
2013,IV,21.3421771361686,Hombres,33,Asturias
2014,I,21.5506958250497,Hombres,33,Asturias
2014,II,20.1374848362313,Hombres,33,Asturias
2014,III,18.5110663983903,Hombres,33,Asturias
2014,IV,20.3225806451613,Hombres,33,Asturias
2011,I,17.5233644859813,Hombres,34,Palencia
2011,II,15.3669724770642,Hombres,34,Palencia
2011,III,15.7079646017699,Hombres,34,Palencia
2011,IV,13.4831460674157,Hombres,34,Palencia
2012,I,15.3333333333333,Hombres,34,Palencia
2012,II,16.7785234899329,Hombres,34,Palencia
2012,III,13.882863340564,Hombres,34,Palencia
2012,IV,17.4107142857143,Hombres,34,Palencia
2013,I,20.4081632653061,Hombres,34,Palencia
2013,II,16.331096196868,Hombres,34,Palencia
2013,III,17.0022371364653,Hombres,34,Palencia
2013,IV,17.0560747663551,Hombres,34,Palencia
2014,I,21.5311004784689,Hombres,34,Palencia
2014,II,19.8090692124105,Hombres,34,Palencia
2014,III,16.3972286374134,Hombres,34,Palencia
2014,IV,19.0588235294118,Hombres,34,Palencia
2011,I,31.485084306096,Hombres,35,"Palmas, Las"
2011,II,31.2601230968578,Hombres,35,"Palmas, Las"
2011,III,29.9777707208638,Hombres,35,"Palmas, Las"
2011,IV,30.6221646143876,Hombres,35,"Palmas, Las"
2012,I,31.1139160618492,Hombres,35,"Palmas, Las"
2012,II,33.7061199130165,Hombres,35,"Palmas, Las"
2012,III,31.7391304347826,Hombres,35,"Palmas, Las"
2012,IV,32.3722970855531,Hombres,35,"Palmas, Las"
2013,I,33.1366459627329,Hombres,35,"Palmas, Las"
2013,II,32.6413286489939,Hombres,35,"Palmas, Las"
2013,III,36.0918816865953,Hombres,35,"Palmas, Las"
2013,IV,34.2080599812559,Hombres,35,"Palmas, Las"
2014,I,33.2059853549825,Hombres,35,"Palmas, Las"
2014,II,31.5806348188522,Hombres,35,"Palmas, Las"
2014,III,34.5195729537367,Hombres,35,"Palmas, Las"
2014,IV,30.7692307692308,Hombres,35,"Palmas, Las"
2011,I,20.1697655618432,Hombres,36,Pontevedra
2011,II,19.1764230924505,Hombres,36,Pontevedra
2011,III,19.1146881287726,Hombres,36,Pontevedra
2011,IV,21.6939672393128,Hombres,36,Pontevedra
2012,I,24.2147117296223,Hombres,36,Pontevedra
2012,II,25.8193445243805,Hombres,36,Pontevedra
2012,III,24.2130750605327,Hombres,36,Pontevedra
2012,IV,23.6060236060236,Hombres,36,Pontevedra
2013,I,24.3557772236077,Hombres,36,Pontevedra
2013,II,24.8253185367859,Hombres,36,Pontevedra
2013,III,24.1520228851655,Hombres,36,Pontevedra
2013,IV,25.1751133086115,Hombres,36,Pontevedra
2014,I,26.0525218841184,Hombres,36,Pontevedra
2014,II,23.4793704806465,Hombres,36,Pontevedra
2014,III,22.8739002932551,Hombres,36,Pontevedra
2014,IV,24.8836225137537,Hombres,36,Pontevedra
2011,I,14.7836538461538,Hombres,37,Salamanca
2011,II,16.8742921857305,Hombres,37,Salamanca
2011,III,14.8723640399556,Hombres,37,Salamanca
2011,IV,14.7368421052632,Hombres,37,Salamanca
2012,I,15.5011655011655,Hombres,37,Salamanca
2012,II,16.1073825503356,Hombres,37,Salamanca
2012,III,16.5555555555556,Hombres,37,Salamanca
2012,IV,19.1588785046729,Hombres,37,Salamanca
2013,I,21.3592233009709,Hombres,37,Salamanca
2013,II,21.9858156028369,Hombres,37,Salamanca
2013,III,20.9545983701979,Hombres,37,Salamanca
2013,IV,19.0243902439024,Hombres,37,Salamanca
2014,I,24.5551601423488,Hombres,37,Salamanca
2014,II,20.2366863905326,Hombres,37,Salamanca
2014,III,15.0765606595995,Hombres,37,Salamanca
2014,IV,17.1129220023283,Hombres,37,Salamanca
2011,I,26.1669024045262,Hombres,38,Santa Cruz de Tenerife
2011,II,28.2150386507379,Hombres,38,Santa Cruz de Tenerife
2011,III,27.5946704067321,Hombres,38,Santa Cruz de Tenerife
2011,IV,29.3230445457734,Hombres,38,Santa Cruz de Tenerife
2012,I,29.0518783542039,Hombres,38,Santa Cruz de Tenerife
2012,II,30.1462718515876,Hombres,38,Santa Cruz de Tenerife
2012,III,33.7793851717902,Hombres,38,Santa Cruz de Tenerife
2012,IV,33.502538071066,Hombres,38,Santa Cruz de Tenerife
2013,I,35.3214285714286,Hombres,38,Santa Cruz de Tenerife
2013,II,34.1472438031816,Hombres,38,Santa Cruz de Tenerife
2013,III,35.1526032315979,Hombres,38,Santa Cruz de Tenerife
2013,IV,34.2172175808209,Hombres,38,Santa Cruz de Tenerife
2014,I,32.7586206896552,Hombres,38,Santa Cruz de Tenerife
2014,II,31.7642831476824,Hombres,38,Santa Cruz de Tenerife
2014,III,30.2545454545455,Hombres,38,Santa Cruz de Tenerife
2014,IV,29.3011706278822,Hombres,38,Santa Cruz de Tenerife
2011,I,17.0951156812339,Hombres,39,Cantabria
2011,II,16.3356822549648,Hombres,39,Cantabria
2011,III,14.8241206030151,Hombres,39,Cantabria
2011,IV,16.1372299872935,Hombres,39,Cantabria
2012,I,18.042226487524,Hombres,39,Cantabria
2012,II,18.4655396618986,Hombres,39,Cantabria
2012,III,16.7307692307692,Hombres,39,Cantabria
2012,IV,19.2282958199357,Hombres,39,Cantabria
2013,I,20.9287115761936,Hombres,39,Cantabria
2013,II,21.6611295681063,Hombres,39,Cantabria
2013,III,19.4187582562748,Hombres,39,Cantabria
2013,IV,18.5499673416068,Hombres,39,Cantabria
2014,I,21.3147410358566,Hombres,39,Cantabria
2014,II,19.8684210526316,Hombres,39,Cantabria
2014,III,19.6753246753247,Hombres,39,Cantabria
2014,IV,19.2715231788079,Hombres,39,Cantabria
2011,I,10.8932461873638,Hombres,40,Segovia
2011,II,11.5555555555556,Hombres,40,Segovia
2011,III,13.1004366812227,Hombres,40,Segovia
2011,IV,13.5667396061269,Hombres,40,Segovia
2012,I,15.9090909090909,Hombres,40,Segovia
2012,II,15.3498871331828,Hombres,40,Segovia
2012,III,16.0869565217391,Hombres,40,Segovia
2012,IV,18.8636363636364,Hombres,40,Segovia
2013,I,17.9545454545455,Hombres,40,Segovia
2013,II,17.4672489082969,Hombres,40,Segovia
2013,III,15.6599552572707,Hombres,40,Segovia
2013,IV,16.0633484162896,Hombres,40,Segovia
2014,I,14.9553571428571,Hombres,40,Segovia
2014,II,13.8009049773756,Hombres,40,Segovia
2014,III,14.0589569160998,Hombres,40,Segovia
2014,IV,13.8636363636364,Hombres,40,Segovia
2011,I,25.0904934273195,Hombres,41,Sevilla
2011,II,24.2065009560229,Hombres,41,Sevilla
2011,III,26.1273466227985,Hombres,41,Sevilla
2011,IV,27.6280323450135,Hombres,41,Sevilla
2012,I,29.5528689311073,Hombres,41,Sevilla
2012,II,29.4730856709629,Hombres,41,Sevilla
2012,III,31.5283500098097,Hombres,41,Sevilla
2012,IV,31.3663987453441,Hombres,41,Sevilla
2013,I,31.56550775879,Hombres,41,Sevilla
2013,II,32.3575949367089,Hombres,41,Sevilla
2013,III,33.2061834972897,Hombres,41,Sevilla
2013,IV,32.8717639975918,Hombres,41,Sevilla
2014,I,33.0954323001631,Hombres,41,Sevilla
2014,II,31.1714633157681,Hombres,41,Sevilla
2014,III,31.0996221912905,Hombres,41,Sevilla
2014,IV,28.6664059444662,Hombres,41,Sevilla
2011,I,12.2137404580153,Hombres,42,Soria
2011,II,10.7806691449814,Hombres,42,Soria
2011,III,8.95522388059701,Hombres,42,Soria
2011,IV,11.0266159695818,Hombres,42,Soria
2012,I,12.9411764705882,Hombres,42,Soria
2012,II,12.9277566539924,Hombres,42,Soria
2012,III,13.2575757575758,Hombres,42,Soria
2012,IV,14.7410358565737,Hombres,42,Soria
2013,I,20,Hombres,42,Soria
2013,II,17.7165354330709,Hombres,42,Soria
2013,III,13.28125,Hombres,42,Soria
2013,IV,14.9606299212598,Hombres,42,Soria
2014,I,16.4609053497942,Hombres,42,Soria
2014,II,13.0252100840336,Hombres,42,Soria
2014,III,13.4146341463415,Hombres,42,Soria
2014,IV,13.75,Hombres,42,Soria
2011,I,20.4081632653061,Hombres,43,Tarragona
2011,II,17.9939733103745,Hombres,43,Tarragona
2011,III,19.9150743099788,Hombres,43,Tarragona
2011,IV,21.9574468085106,Hombres,43,Tarragona
2012,I,23.3026719229085,Hombres,43,Tarragona
2012,II,21.1831230969987,Hombres,43,Tarragona
2012,III,21.8325295922841,Hombres,43,Tarragona
2012,IV,24.9443207126949,Hombres,43,Tarragona
2013,I,29.5183384887318,Hombres,43,Tarragona
2013,II,26.9896193771626,Hombres,43,Tarragona
2013,III,25.1523063533507,Hombres,43,Tarragona
2013,IV,26.3134851138354,Hombres,43,Tarragona
2014,I,25.3072371415567,Hombres,43,Tarragona
2014,II,24.4494382022472,Hombres,43,Tarragona
2014,III,22.2904782799473,Hombres,43,Tarragona
2014,IV,23.9835541343079,Hombres,43,Tarragona
2011,I,13.0208333333333,Hombres,44,Teruel
2011,II,13.1233595800525,Hombres,44,Teruel
2011,III,12.7659574468085,Hombres,44,Teruel
2011,IV,15.1436031331593,Hombres,44,Teruel
2012,I,14.7757255936675,Hombres,44,Teruel
2012,II,14.7368421052632,Hombres,44,Teruel
2012,III,14.4329896907217,Hombres,44,Teruel
2012,IV,11.4213197969543,Hombres,44,Teruel
2013,I,17.6,Hombres,44,Teruel
2013,II,17.426273458445,Hombres,44,Teruel
2013,III,20.9677419354839,Hombres,44,Teruel
2013,IV,18.3783783783784,Hombres,44,Teruel
2014,I,17.7285318559557,Hombres,44,Teruel
2014,II,18.6111111111111,Hombres,44,Teruel
2014,III,17.2131147540984,Hombres,44,Teruel
2014,IV,17.0212765957447,Hombres,44,Teruel
2011,I,20.9912536443149,Hombres,45,Toledo
2011,II,22.5442043222004,Hombres,45,Toledo
2011,III,19.9043062200957,Hombres,45,Toledo
2011,IV,22.4539282250243,Hombres,45,Toledo
2012,I,25.4146341463415,Hombres,45,Toledo
2012,II,25.4355400696864,Hombres,45,Toledo
2012,III,26.1130565282641,Hombres,45,Toledo
2012,IV,27.1253071253071,Hombres,45,Toledo
2013,I,29.8913043478261,Hombres,45,Toledo
2013,II,30.6979014153246,Hombres,45,Toledo
2013,III,30.6778822365166,Hombres,45,Toledo
2013,IV,30.8070866141732,Hombres,45,Toledo
2014,I,29.2768079800499,Hombres,45,Toledo
2014,II,24.5792962774095,Hombres,45,Toledo
2014,III,22.7480916030534,Hombres,45,Toledo
2014,IV,22.7671657201859,Hombres,45,Toledo
2011,I,21.9508752117448,Hombres,46,Valencia/València
2011,II,21.3973799126638,Hombres,46,Valencia/València
2011,III,24.3850419451159,Hombres,46,Valencia/València
2011,IV,24.1428368188932,Hombres,46,Valencia/València
2012,I,25.765196148872,Hombres,46,Valencia/València
2012,II,27.2621302637331,Hombres,46,Valencia/València
2012,III,28.4014336917563,Hombres,46,Valencia/València
2012,IV,28.1859931113663,Hombres,46,Valencia/València
2013,I,27.7001994870333,Hombres,46,Valencia/València
2013,II,29.1575091575092,Hombres,46,Valencia/València
2013,III,29.6061365983183,Hombres,46,Valencia/València
2013,IV,25.931904901673,Hombres,46,Valencia/València
2014,I,27.4553241766357,Hombres,46,Valencia/València
2014,II,25.6272661348804,Hombres,46,Valencia/València
2014,III,25.9991086019908,Hombres,46,Valencia/València
2014,IV,21.421200058971,Hombres,46,Valencia/València
2011,I,14.4090305444887,Hombres,47,Valladolid
2011,II,14.0106241699867,Hombres,47,Valladolid
2011,III,15.9303882195448,Hombres,47,Valladolid
2011,IV,17.4496644295302,Hombres,47,Valladolid
2012,I,19.5637355146558,Hombres,47,Valladolid
2012,II,18.8045668233714,Hombres,47,Valladolid
2012,III,15.5495978552279,Hombres,47,Valladolid
2012,IV,19.8634812286689,Hombres,47,Valladolid
2013,I,20.9416725228391,Hombres,47,Valladolid
2013,II,16.8435951875442,Hombres,47,Valladolid
2013,III,16.8767507002801,Hombres,47,Valladolid
2013,IV,21.830985915493,Hombres,47,Valladolid
2014,I,20.173535791757,Hombres,47,Valladolid
2014,II,18.9580318379161,Hombres,47,Valladolid
2014,III,14.3475126171593,Hombres,47,Valladolid
2014,IV,13.9880952380952,Hombres,47,Valladolid
2011,I,13.383755343637,Hombres,48,Bizkaia
2011,II,14.2188022750084,Hombres,48,Bizkaia
2011,III,15.4024511427625,Hombres,48,Bizkaia
2011,IV,14.6422628951747,Hombres,48,Bizkaia
2012,I,16.2298387096774,Hombres,48,Bizkaia
2012,II,16.0079707738293,Hombres,48,Bizkaia
2012,III,18.8546550569323,Hombres,48,Bizkaia
2012,IV,18.2695507487521,Hombres,48,Bizkaia
2013,I,19.4766478966545,Hombres,48,Bizkaia
2013,II,18.662572500853,Hombres,48,Bizkaia
2013,III,16.5572070515036,Hombres,48,Bizkaia
2013,IV,18.2642035552457,Hombres,48,Bizkaia
2014,I,19.7465681098205,Hombres,48,Bizkaia
2014,II,17.2185430463576,Hombres,48,Bizkaia
2014,III,16.1122661122661,Hombres,48,Bizkaia
2014,IV,19.1583989052343,Hombres,48,Bizkaia
2011,I,18.6372745490982,Hombres,49,Zamora
2011,II,16,Hombres,49,Zamora
2011,III,16.3672654690619,Hombres,49,Zamora
2011,IV,15.843621399177,Hombres,49,Zamora
2012,I,21.0743801652893,Hombres,49,Zamora
2012,II,22.2222222222222,Hombres,49,Zamora
2012,III,21.3186813186813,Hombres,49,Zamora
2012,IV,23.5565819861432,Hombres,49,Zamora
2013,I,25.4545454545455,Hombres,49,Zamora
2013,II,23.1818181818182,Hombres,49,Zamora
2013,III,24.5495495495496,Hombres,49,Zamora
2013,IV,26.8018018018018,Hombres,49,Zamora
2014,I,24.7165532879819,Hombres,49,Zamora
2014,II,24.7240618101545,Hombres,49,Zamora
2014,III,25.3138075313808,Hombres,49,Zamora
2014,IV,25.1559251559252,Hombres,49,Zamora
2011,I,20.226843100189,Hombres,50,Zaragoza
2011,II,18.5639880952381,Hombres,50,Zaragoza
2011,III,17.3293323330833,Hombres,50,Zaragoza
2011,IV,18.3055975794251,Hombres,50,Zaragoza
2012,I,19.0819423368741,Hombres,50,Zaragoza
2012,II,19.7167349981364,Hombres,50,Zaragoza
2012,III,19.7083021690352,Hombres,50,Zaragoza
2012,IV,18.5365853658537,Hombres,50,Zaragoza
2013,I,24.0544629349471,Hombres,50,Zaragoza
2013,II,21.236559139785,Hombres,50,Zaragoza
2013,III,20.2225633154259,Hombres,50,Zaragoza
2013,IV,20.4730515703761,Hombres,50,Zaragoza
2014,I,22.5493994575746,Hombres,50,Zaragoza
2014,II,20.9045990117826,Hombres,50,Zaragoza
2014,III,16.5580682253737,Hombres,50,Zaragoza
2014,IV,15.1716068642746,Hombres,50,Zaragoza
2011,I,22.0779220779221,Hombres,51,Ceuta
2011,II,21.6814159292035,Hombres,51,Ceuta
2011,III,24.7706422018349,Hombres,51,Ceuta
2011,IV,20.4166666666667,Hombres,51,Ceuta
2012,I,29.6943231441048,Hombres,51,Ceuta
2012,II,32.7586206896552,Hombres,51,Ceuta
2012,III,26.2443438914027,Hombres,51,Ceuta
2012,IV,28.6343612334802,Hombres,51,Ceuta
2013,I,30.7692307692308,Hombres,51,Ceuta
2013,II,28.8702928870293,Hombres,51,Ceuta
2013,III,23.4782608695652,Hombres,51,Ceuta
2013,IV,32.2869955156951,Hombres,51,Ceuta
2014,I,30.2222222222222,Hombres,51,Ceuta
2014,II,27.4774774774775,Hombres,51,Ceuta
2014,III,29.5833333333333,Hombres,51,Ceuta
2014,IV,28.4518828451883,Hombres,51,Ceuta
2011,I,19.7969543147208,Hombres,52,Melilla
2011,II,20.2020202020202,Hombres,52,Melilla
2011,III,19.3396226415094,Hombres,52,Melilla
2011,IV,17.0103092783505,Hombres,52,Melilla
2012,I,16.4251207729469,Hombres,52,Melilla
2012,II,24.4444444444444,Hombres,52,Melilla
2012,III,25.7281553398058,Hombres,52,Melilla
2012,IV,23.6714975845411,Hombres,52,Melilla
2013,I,28.7081339712919,Hombres,52,Melilla
2013,II,29,Hombres,52,Melilla
2013,III,39.7321428571429,Hombres,52,Melilla
2013,IV,34.2465753424658,Hombres,52,Melilla
2014,I,22.6130653266332,Hombres,52,Melilla
2014,II,25.5208333333333,Hombres,52,Melilla
2014,III,22.1621621621622,Hombres,52,Melilla
2014,IV,21.5384615384615,Hombres,52,Melilla
